[{"model": "contenttypes.contenttype", "pk": 1, "fields": {"app_label": "admin", "model": "logentry"}}, {"model": "contenttypes.contenttype", "pk": 2, "fields": {"app_label": "auth", "model": "permission"}}, {"model": "contenttypes.contenttype", "pk": 3, "fields": {"app_label": "auth", "model": "group"}}, {"model": "contenttypes.contenttype", "pk": 4, "fields": {"app_label": "contenttypes", "model": "contenttype"}}, {"model": "contenttypes.contenttype", "pk": 5, "fields": {"app_label": "sessions", "model": "session"}}, {"model": "contenttypes.contenttype", "pk": 6, "fields": {"app_label": "bill", "model": "enumcategory"}}, {"model": "contenttypes.contenttype", "pk": 7, "fields": {"app_label": "bill", "model": "monthlybudget"}}, {"model": "contenttypes.contenttype", "pk": 8, "fields": {"app_label": "bill", "model": "recurringbill"}}, {"model": "contenttypes.contenttype", "pk": 9, "fields": {"app_label": "bill", "model": "transaction"}}, {"model": "contenttypes.contenttype", "pk": 10, "fields": {"app_label": "bill", "model": "user"}}, {"model": "contenttypes.contenttype", "pk": 11, "fields": {"app_label": "bill", "model": "icon"}}, {"model": "sessions.session", "pk": "16w2s60ese7po7tefikjesjbk0jkfqqv", "fields": {"session_data": "NTAwMmU3YTdlMjgwN2FlNDMwMTcyZWVlZjgyNTNkZWIxYTg1ZTU1ZDp7Il9hdXRoX3VzZXJfaWQiOiIxIiwiX2F1dGhfdXNlcl9iYWNrZW5kIjoiZGphbmdvLmNvbnRyaWIuYXV0aC5iYWNrZW5kcy5Nb2RlbEJhY2tlbmQiLCJfYXV0aF91c2VyX2hhc2giOiJmYTMyMDFiZjA3OWM5NzkwNmFlMWM2NGYyOGFkZTFhZmZhZTUwYTdlIn0=", "expire_date": "2020-04-19T04:01:22.840Z"}}, {"model": "sessions.session", "pk": "a6og448cit95tdac97wgqgiiov37bw6h", "fields": {"session_data": "NTAwMmU3YTdlMjgwN2FlNDMwMTcyZWVlZjgyNTNkZWIxYTg1ZTU1ZDp7Il9hdXRoX3VzZXJfaWQiOiIxIiwiX2F1dGhfdXNlcl9iYWNrZW5kIjoiZGphbmdvLmNvbnRyaWIuYXV0aC5iYWNrZW5kcy5Nb2RlbEJhY2tlbmQiLCJfYXV0aF91c2VyX2hhc2giOiJmYTMyMDFiZjA3OWM5NzkwNmFlMWM2NGYyOGFkZTFhZmZhZTUwYTdlIn0=", "expire_date": "2020-05-04T03:27:09.567Z"}}, {"model": "sessions.session", "pk": "f0ycfw0bk4ersur326j7q19q6nblikrn", "fields": {"session_data": "NTAwMmU3YTdlMjgwN2FlNDMwMTcyZWVlZjgyNTNkZWIxYTg1ZTU1ZDp7Il9hdXRoX3VzZXJfaWQiOiIxIiwiX2F1dGhfdXNlcl9iYWNrZW5kIjoiZGphbmdvLmNvbnRyaWIuYXV0aC5iYWNrZW5kcy5Nb2RlbEJhY2tlbmQiLCJfYXV0aF91c2VyX2hhc2giOiJmYTMyMDFiZjA3OWM5NzkwNmFlMWM2NGYyOGFkZTFhZmZhZTUwYTdlIn0=", "expire_date": "2020-05-23T18:44:43.161Z"}}, {"model": "sessions.session", "pk": "pfdt85e3kznchooopk3jit8puwn33d6l", "fields": {"session_data": "NTAwMmU3YTdlMjgwN2FlNDMwMTcyZWVlZjgyNTNkZWIxYTg1ZTU1ZDp7Il9hdXRoX3VzZXJfaWQiOiIxIiwiX2F1dGhfdXNlcl9iYWNrZW5kIjoiZGphbmdvLmNvbnRyaWIuYXV0aC5iYWNrZW5kcy5Nb2RlbEJhY2tlbmQiLCJfYXV0aF91c2VyX2hhc2giOiJmYTMyMDFiZjA3OWM5NzkwNmFlMWM2NGYyOGFkZTFhZmZhZTUwYTdlIn0=", "expire_date": "2020-05-02T19:38:20.032Z"}}, {"model": "bill.monthlybudget", "pk": 1, "fields": {"budget": 2000.0}}, {"model": "bill.enumcategory", "pk": 23, "fields": {"icon": null, "name": "\u5de5\u8d44", "category": "CAT"}}, {"model": "bill.enumcategory", "pk": 24, "fields": {"icon": null, "name": "\u4ea4\u901a", "category": "CAT"}}, {"model": "bill.enumcategory", "pk": 25, "fields": {"icon": null, "name": "\u4e00\u822c", "category": "CAT"}}, {"model": "bill.enumcategory", "pk": 26, "fields": {"icon": null, "name": "\u4f4f\u623f", "category": "CAT"}}, {"model": "bill.enumcategory", "pk": 27, "fields": {"icon": null, "name": "\u65e5\u7528\u54c1", "category": "CAT"}}, {"model": "bill.enumcategory", "pk": 28, "fields": {"icon": null, "name": "\u98df\u6750", "category": "CAT"}}, {"model": "bill.enumcategory", "pk": 29, "fields": {"icon": null, "name": "\u6570\u7801", "category": "CAT"}}, {"model": "bill.enumcategory", "pk": 30, "fields": {"icon": null, "name": "\u65c5\u6e38", "category": "CAT"}}, {"model": "bill.enumcategory", "pk": 31, "fields": {"icon": null, "name": "\u6e38\u620f", "category": "CAT"}}, {"model": "bill.enumcategory", "pk": 32, "fields": {"icon": null, "name": "\u670d\u9970", "category": "CAT"}}, {"model": "bill.enumcategory", "pk": 33, "fields": {"icon": null, "name": "\u7528\u9910", "category": "CAT"}}, {"model": "bill.enumcategory", "pk": 34, "fields": {"icon": null, "name": "\u5a31\u4e50", "category": "CAT"}}, {"model": "bill.enumcategory", "pk": 35, "fields": {"icon": null, "name": "BOA", "category": "CAR"}}, {"model": "bill.enumcategory", "pk": 36, "fields": {"icon": null, "name": "Discover", "category": "CAR"}}, {"model": "bill.enumcategory", "pk": 37, "fields": {"icon": null, "name": "Apple Card", "category": "CAR"}}, {"model": "bill.enumcategory", "pk": 38, "fields": {"icon": null, "name": "Apple", "category": "COM"}}, {"model": "bill.enumcategory", "pk": 39, "fields": {"icon": null, "name": "Amazon", "category": "COM"}}, {"model": "bill.enumcategory", "pk": 40, "fields": {"icon": null, "name": "Other", "category": "COM"}}, {"model": "bill.enumcategory", "pk": 41, "fields": {"icon": null, "name": "EVE", "category": "COM"}}, {"model": "bill.enumcategory", "pk": 42, "fields": {"icon": null, "name": "Credit Card", "category": "CAT"}}, {"model": "bill.enumcategory", "pk": 43, "fields": {"icon": null, "name": "Discover", "category": "COM"}}, {"model": "bill.enumcategory", "pk": 44, "fields": {"icon": null, "name": "skillshare", "category": "COM"}}, {"model": "bill.enumcategory", "pk": 45, "fields": {"icon": null, "name": "Target", "category": "COM"}}, {"model": "bill.enumcategory", "pk": 46, "fields": {"icon": null, "name": "walmart", "category": "COM"}}, {"model": "bill.enumcategory", "pk": 47, "fields": {"icon": null, "name": "uber", "category": "COM"}}, {"model": "bill.enumcategory", "pk": 48, "fields": {"icon": null, "name": "alaska airline", "category": "COM"}}, {"model": "bill.enumcategory", "pk": 49, "fields": {"icon": null, "name": "mdl", "category": "COM"}}, {"model": "bill.enumcategory", "pk": 50, "fields": {"icon": null, "name": "valve", "category": "COM"}}, {"model": "bill.enumcategory", "pk": 51, "fields": {"icon": null, "name": "\u901a\u4fe1", "category": "CAT"}}, {"model": "bill.enumcategory", "pk": 52, "fields": {"icon": null, "name": "ATT", "category": "COM"}}, {"model": "bill.enumcategory", "pk": 53, "fields": {"icon": null, "name": "rental", "category": "COM"}}, {"model": "bill.enumcategory", "pk": 54, "fields": {"icon": null, "name": "CenturyLink", "category": "COM"}}, {"model": "bill.enumcategory", "pk": 56, "fields": {"icon": null, "name": "RCN", "category": "COM"}}, {"model": "bill.enumcategory", "pk": 57, "fields": {"icon": null, "name": "vultr", "category": "COM"}}, {"model": "bill.enumcategory", "pk": 58, "fields": {"icon": null, "name": "Adobe", "category": "COM"}}, {"model": "bill.enumcategory", "pk": 59, "fields": {"icon": null, "name": "1Password", "category": "COM"}}, {"model": "bill.enumcategory", "pk": 60, "fields": {"icon": null, "name": "Google", "category": "COM"}}, {"model": "bill.enumcategory", "pk": 61, "fields": {"icon": null, "name": "Test Company", "category": "COM"}}, {"model": "bill.enumcategory", "pk": 63, "fields": {"icon": null, "name": "DoorDash", "category": "COM"}}, {"model": "bill.recurringbill", "pk": 4, "fields": {"frequency": "M", "recurring_month": 1, "recurring_day": 25, "amount": -43.0, "category": 51, "company": 52, "card": 35, "note": "ATT Phone Bill", "skip_summary": false, "time_created": "2020-04-24T17:42:42Z"}}, {"model": "bill.recurringbill", "pk": 5, "fields": {"frequency": "M", "recurring_month": 1, "recurring_day": 16, "amount": -4.99, "category": 51, "company": 38, "card": 37, "note": "Apple Music monthly subscription", "skip_summary": false, "time_created": "2020-04-24T17:43:56Z"}}, {"model": "bill.recurringbill", "pk": 6, "fields": {"frequency": "M", "recurring_month": 1, "recurring_day": 26, "amount": -0.99, "category": 51, "company": 38, "card": 37, "note": "iCloud monthly subscription", "skip_summary": false, "time_created": "2020-04-24T17:45:04Z"}}, {"model": "bill.recurringbill", "pk": 7, "fields": {"frequency": "M", "recurring_month": 1, "recurring_day": 1, "amount": -2170.0, "category": 26, "company": 53, "card": 35, "note": "Seattle Rental", "skip_summary": true, "time_created": "2020-04-24T17:48:15Z"}}, {"model": "bill.recurringbill", "pk": 8, "fields": {"frequency": "M", "recurring_month": 1, "recurring_day": 1, "amount": -1400.0, "category": 26, "company": 53, "card": 35, "note": "Boston Rental", "skip_summary": true, "time_created": "2020-04-24T17:48:53Z"}}, {"model": "bill.recurringbill", "pk": 9, "fields": {"frequency": "M", "recurring_month": 1, "recurring_day": 28, "amount": -33.0, "category": 51, "company": 54, "card": 36, "note": "Seattle internet CenturyLink", "skip_summary": false, "time_created": "2020-04-24T17:49:25Z"}}, {"model": "bill.recurringbill", "pk": 10, "fields": {"frequency": "M", "recurring_month": 1, "recurring_day": 1, "amount": -62.0, "category": 51, "company": 56, "card": 35, "note": "Boston Internet", "skip_summary": false, "time_created": "2020-04-24T17:52:53Z"}}, {"model": "bill.recurringbill", "pk": 11, "fields": {"frequency": "M", "recurring_month": 1, "recurring_day": 1, "amount": -4.0, "category": 51, "company": 57, "card": 35, "note": "Vultr", "skip_summary": false, "time_created": "2020-04-24T17:57:14Z"}}, {"model": "bill.recurringbill", "pk": 12, "fields": {"frequency": "M", "recurring_month": 1, "recurring_day": 14, "amount": -19.99, "category": 31, "company": 58, "card": 35, "note": "Adobe CC", "skip_summary": false, "time_created": "2020-04-24T17:57:37Z"}}, {"model": "bill.recurringbill", "pk": 13, "fields": {"frequency": "Y", "recurring_month": 7, "recurring_day": 21, "amount": -35.88, "category": 51, "company": 59, "card": 35, "note": "1Password annually", "skip_summary": false, "time_created": "2020-04-24T17:59:47Z"}}, {"model": "bill.recurringbill", "pk": 14, "fields": {"frequency": "Y", "recurring_month": 11, "recurring_day": 16, "amount": -22.0, "category": 51, "company": 60, "card": 35, "note": "Google Domain", "skip_summary": false, "time_created": "2020-04-24T18:06:00Z"}}, {"model": "bill.transaction", "pk": 15, "fields": {"amount": -18.0, "category": 25, "company": null, "card": 35, "note": "", "skip_summary": false, "creator": null, "time_created": "2020-04-22T01:34:53Z"}}, {"model": "bill.transaction", "pk": 16, "fields": {"amount": -49.0, "category": 25, "company": null, "card": 35, "note": "", "skip_summary": false, "creator": null, "time_created": "2020-04-20T02:45:19Z"}}, {"model": "bill.transaction", "pk": 17, "fields": {"amount": -30.0, "category": 25, "company": null, "card": 35, "note": "", "skip_summary": false, "creator": null, "time_created": "2020-04-19T01:16:08Z"}}, {"model": "bill.transaction", "pk": 18, "fields": {"amount": -66.7, "category": 25, "company": null, "card": 35, "note": "", "skip_summary": false, "creator": null, "time_created": "2020-04-18T04:12:06Z"}}, {"model": "bill.transaction", "pk": 19, "fields": {"amount": -145.0, "category": 25, "company": null, "card": 35, "note": "", "skip_summary": false, "creator": null, "time_created": "2020-04-17T01:38:35Z"}}, {"model": "bill.transaction", "pk": 20, "fields": {"amount": -22.0, "category": 25, "company": null, "card": 35, "note": "", "skip_summary": false, "creator": null, "time_created": "2020-04-17T01:38:30Z"}}, {"model": "bill.transaction", "pk": 21, "fields": {"amount": -16.39, "category": 25, "company": null, "card": 35, "note": "", "skip_summary": false, "creator": null, "time_created": "2020-04-15T02:35:46Z"}}, {"model": "bill.transaction", "pk": 22, "fields": {"amount": -22.0, "category": 25, "company": null, "card": 35, "note": "", "skip_summary": false, "creator": null, "time_created": "2020-04-14T00:52:49Z"}}, {"model": "bill.transaction", "pk": 23, "fields": {"amount": -21.0, "category": 25, "company": null, "card": 35, "note": "", "skip_summary": false, "creator": null, "time_created": "2020-04-13T05:09:46Z"}}, {"model": "bill.transaction", "pk": 24, "fields": {"amount": -75.0, "category": 25, "company": null, "card": 35, "note": "", "skip_summary": false, "creator": null, "time_created": "2020-04-11T23:55:00Z"}}, {"model": "bill.transaction", "pk": 25, "fields": {"amount": -51.0, "category": 25, "company": null, "card": 35, "note": "", "skip_summary": false, "creator": null, "time_created": "2020-04-10T19:06:08Z"}}, {"model": "bill.transaction", "pk": 26, "fields": {"amount": -21.0, "category": 25, "company": null, "card": 35, "note": "", "skip_summary": false, "creator": null, "time_created": "2020-04-09T23:26:17Z"}}, {"model": "bill.transaction", "pk": 27, "fields": {"amount": -20.0, "category": 25, "company": null, "card": 35, "note": "", "skip_summary": false, "creator": null, "time_created": "2020-04-07T02:12:29Z"}}, {"model": "bill.transaction", "pk": 28, "fields": {"amount": -131.4, "category": 31, "company": 41, "card": 35, "note": "EVE Online \u5e74\u8d39", "skip_summary": false, "creator": null, "time_created": "2020-04-05T20:34:17Z"}}, {"model": "bill.transaction", "pk": 29, "fields": {"amount": -158.0, "category": 25, "company": null, "card": 35, "note": "", "skip_summary": false, "creator": null, "time_created": "2020-04-03T23:10:02Z"}}, {"model": "bill.transaction", "pk": 30, "fields": {"amount": -26.0, "category": 25, "company": null, "card": 35, "note": "", "skip_summary": false, "creator": null, "time_created": "2020-04-03T18:36:12Z"}}, {"model": "bill.transaction", "pk": 31, "fields": {"amount": -16.66, "category": 25, "company": null, "card": 35, "note": "", "skip_summary": false, "creator": null, "time_created": "2020-04-03T00:51:51Z"}}, {"model": "bill.transaction", "pk": 32, "fields": {"amount": -8.84, "category": 25, "company": null, "card": 35, "note": "", "skip_summary": false, "creator": null, "time_created": "2020-04-02T07:01:56Z"}}, {"model": "bill.transaction", "pk": 33, "fields": {"amount": -150.0, "category": 25, "company": null, "card": 35, "note": "", "skip_summary": false, "creator": null, "time_created": "2020-04-02T05:59:08Z"}}, {"model": "bill.transaction", "pk": 34, "fields": {"amount": -2200.0, "category": 26, "company": null, "card": 35, "note": "Seattle \u4f4f\u623f", "skip_summary": false, "creator": null, "time_created": "2020-03-31T06:00:55Z"}}, {"model": "bill.transaction", "pk": 35, "fields": {"amount": -1400.0, "category": 26, "company": null, "card": 35, "note": "Boston \u4f4f\u623f", "skip_summary": false, "creator": null, "time_created": "2020-03-31T06:00:48Z"}}, {"model": "bill.transaction", "pk": 36, "fields": {"amount": -490.0, "category": 42, "company": 38, "card": 35, "note": "Apple Card \u8fd8\u6b3e", "skip_summary": false, "creator": null, "time_created": "2020-03-31T05:53:29Z"}}, {"model": "bill.transaction", "pk": 37, "fields": {"amount": -3685.0, "category": 42, "company": 43, "card": 35, "note": "Discover \u8fd8\u6b3e", "skip_summary": false, "creator": null, "time_created": "2020-03-31T05:52:54Z"}}, {"model": "bill.transaction", "pk": 38, "fields": {"amount": 27448.0, "category": 23, "company": 39, "card": 35, "note": "\u5de5\u8d44 sign on", "skip_summary": false, "creator": null, "time_created": "2020-03-31T05:52:23Z"}}, {"model": "bill.transaction", "pk": 39, "fields": {"amount": -31.6, "category": 25, "company": null, "card": 35, "note": "", "skip_summary": false, "creator": null, "time_created": "2020-03-31T02:07:23Z"}}, {"model": "bill.transaction", "pk": 40, "fields": {"amount": -16.66, "category": 25, "company": null, "card": 35, "note": "", "skip_summary": false, "creator": null, "time_created": "2020-03-30T20:08:00Z"}}, {"model": "bill.transaction", "pk": 41, "fields": {"amount": -22.0, "category": 25, "company": null, "card": 35, "note": "", "skip_summary": false, "creator": null, "time_created": "2020-03-30T00:32:03Z"}}, {"model": "bill.transaction", "pk": 42, "fields": {"amount": -66.0, "category": 25, "company": null, "card": 35, "note": "", "skip_summary": false, "creator": null, "time_created": "2020-03-29T20:14:34Z"}}, {"model": "bill.transaction", "pk": 43, "fields": {"amount": -42.0, "category": 25, "company": null, "card": 35, "note": "", "skip_summary": false, "creator": null, "time_created": "2020-03-27T05:30:33Z"}}, {"model": "bill.transaction", "pk": 44, "fields": {"amount": -21.0, "category": 25, "company": null, "card": 35, "note": "", "skip_summary": false, "creator": null, "time_created": "2020-03-27T05:30:27Z"}}, {"model": "bill.transaction", "pk": 45, "fields": {"amount": -17.0, "category": 25, "company": null, "card": 35, "note": "", "skip_summary": false, "creator": null, "time_created": "2020-03-26T02:42:47Z"}}, {"model": "bill.transaction", "pk": 46, "fields": {"amount": -21.5, "category": 25, "company": null, "card": 35, "note": "", "skip_summary": false, "creator": null, "time_created": "2020-03-25T00:56:56Z"}}, {"model": "bill.transaction", "pk": 47, "fields": {"amount": -5.19, "category": 25, "company": null, "card": 35, "note": "", "skip_summary": false, "creator": null, "time_created": "2020-03-24T06:35:29Z"}}, {"model": "bill.transaction", "pk": 48, "fields": {"amount": -4.0, "category": 25, "company": null, "card": 35, "note": "", "skip_summary": false, "creator": null, "time_created": "2020-03-23T01:18:29Z"}}, {"model": "bill.transaction", "pk": 49, "fields": {"amount": -35.0, "category": 25, "company": null, "card": 35, "note": "", "skip_summary": false, "creator": null, "time_created": "2020-03-22T01:21:24Z"}}, {"model": "bill.transaction", "pk": 50, "fields": {"amount": -43.0, "category": 25, "company": null, "card": 35, "note": "", "skip_summary": false, "creator": null, "time_created": "2020-03-22T01:21:18Z"}}, {"model": "bill.transaction", "pk": 51, "fields": {"amount": -17.0, "category": 25, "company": null, "card": 35, "note": "", "skip_summary": false, "creator": null, "time_created": "2020-03-20T00:58:37Z"}}, {"model": "bill.transaction", "pk": 52, "fields": {"amount": -66.0, "category": 25, "company": null, "card": 35, "note": "", "skip_summary": false, "creator": null, "time_created": "2020-03-19T18:04:45Z"}}, {"model": "bill.transaction", "pk": 53, "fields": {"amount": -16.5, "category": 25, "company": 44, "card": 35, "note": "skillshare \u4e00\u4e2a\u6708\u4f1a\u5458", "skip_summary": false, "creator": null, "time_created": "2020-03-18T02:39:41Z"}}, {"model": "bill.transaction", "pk": 54, "fields": {"amount": -23.3, "category": 25, "company": null, "card": 35, "note": "", "skip_summary": false, "creator": null, "time_created": "2020-03-18T02:33:44Z"}}, {"model": "bill.transaction", "pk": 55, "fields": {"amount": -7.7, "category": 25, "company": null, "card": 35, "note": "", "skip_summary": false, "creator": null, "time_created": "2020-03-18T02:33:03Z"}}, {"model": "bill.transaction", "pk": 56, "fields": {"amount": -22.45, "category": 25, "company": null, "card": 35, "note": "", "skip_summary": false, "creator": null, "time_created": "2020-03-17T02:02:48Z"}}, {"model": "bill.transaction", "pk": 57, "fields": {"amount": -13.7, "category": 25, "company": null, "card": 35, "note": "", "skip_summary": false, "creator": null, "time_created": "2020-03-15T19:14:33Z"}}, {"model": "bill.transaction", "pk": 58, "fields": {"amount": -52.0, "category": 25, "company": null, "card": 35, "note": "", "skip_summary": false, "creator": null, "time_created": "2020-03-14T23:31:16Z"}}, {"model": "bill.transaction", "pk": 59, "fields": {"amount": -11.22, "category": 25, "company": null, "card": 35, "note": "", "skip_summary": false, "creator": null, "time_created": "2020-03-14T23:30:51Z"}}, {"model": "bill.transaction", "pk": 60, "fields": {"amount": -77.0, "category": 25, "company": null, "card": 35, "note": "", "skip_summary": false, "creator": null, "time_created": "2020-03-14T03:22:50Z"}}, {"model": "bill.transaction", "pk": 61, "fields": {"amount": -19.0, "category": 25, "company": null, "card": 35, "note": "", "skip_summary": false, "creator": null, "time_created": "2020-03-13T20:12:24Z"}}, {"model": "bill.transaction", "pk": 62, "fields": {"amount": -13.0, "category": 25, "company": null, "card": 35, "note": "", "skip_summary": false, "creator": null, "time_created": "2020-03-13T16:08:31Z"}}, {"model": "bill.transaction", "pk": 63, "fields": {"amount": -91.0, "category": 25, "company": null, "card": 35, "note": "", "skip_summary": false, "creator": null, "time_created": "2020-03-13T16:08:25Z"}}, {"model": "bill.transaction", "pk": 64, "fields": {"amount": -14.0, "category": 25, "company": null, "card": 35, "note": "", "skip_summary": false, "creator": null, "time_created": "2020-03-12T22:22:22Z"}}, {"model": "bill.transaction", "pk": 65, "fields": {"amount": -21.0, "category": 25, "company": null, "card": 35, "note": "", "skip_summary": false, "creator": null, "time_created": "2020-03-12T01:57:55Z"}}, {"model": "bill.transaction", "pk": 66, "fields": {"amount": -62.73, "category": 25, "company": null, "card": 35, "note": "", "skip_summary": false, "creator": null, "time_created": "2020-03-12T01:51:31Z"}}, {"model": "bill.transaction", "pk": 67, "fields": {"amount": -5.3, "category": 25, "company": null, "card": 35, "note": "", "skip_summary": false, "creator": null, "time_created": "2020-03-11T23:40:12Z"}}, {"model": "bill.transaction", "pk": 68, "fields": {"amount": -31.8, "category": 25, "company": null, "card": 35, "note": "", "skip_summary": false, "creator": null, "time_created": "2020-03-11T23:39:50Z"}}, {"model": "bill.transaction", "pk": 69, "fields": {"amount": -23.0, "category": 25, "company": null, "card": 35, "note": "", "skip_summary": false, "creator": null, "time_created": "2020-03-11T05:09:22Z"}}, {"model": "bill.transaction", "pk": 70, "fields": {"amount": -1099.0, "category": 29, "company": 50, "card": 35, "note": "Valve Index", "skip_summary": false, "creator": null, "time_created": "2020-03-09T19:17:49Z"}}, {"model": "bill.transaction", "pk": 71, "fields": {"amount": -12.6, "category": 25, "company": null, "card": 35, "note": "", "skip_summary": false, "creator": null, "time_created": "2020-03-09T19:17:42Z"}}, {"model": "bill.transaction", "pk": 72, "fields": {"amount": -15.0, "category": 25, "company": null, "card": 35, "note": "", "skip_summary": false, "creator": null, "time_created": "2020-03-09T02:15:15Z"}}, {"model": "bill.transaction", "pk": 73, "fields": {"amount": -26.86, "category": 25, "company": null, "card": 35, "note": "", "skip_summary": false, "creator": null, "time_created": "2020-03-09T00:48:48Z"}}, {"model": "bill.transaction", "pk": 74, "fields": {"amount": -12.1, "category": 25, "company": null, "card": 35, "note": "", "skip_summary": false, "creator": null, "time_created": "2020-03-09T00:46:19Z"}}, {"model": "bill.transaction", "pk": 75, "fields": {"amount": -13.0, "category": 25, "company": null, "card": 35, "note": "", "skip_summary": false, "creator": null, "time_created": "2020-03-08T06:54:14Z"}}, {"model": "bill.transaction", "pk": 76, "fields": {"amount": -16.95, "category": 25, "company": null, "card": 35, "note": "", "skip_summary": false, "creator": null, "time_created": "2020-03-08T02:01:42Z"}}, {"model": "bill.transaction", "pk": 77, "fields": {"amount": -48.79, "category": 25, "company": null, "card": 35, "note": "", "skip_summary": false, "creator": null, "time_created": "2020-03-07T23:37:41Z"}}, {"model": "bill.transaction", "pk": 78, "fields": {"amount": -242.0, "category": 25, "company": null, "card": 35, "note": "", "skip_summary": false, "creator": null, "time_created": "2020-03-07T05:57:32Z"}}, {"model": "bill.transaction", "pk": 79, "fields": {"amount": -52.0, "category": 25, "company": null, "card": 35, "note": "", "skip_summary": false, "creator": null, "time_created": "2020-03-07T03:11:11Z"}}, {"model": "bill.transaction", "pk": 80, "fields": {"amount": -23.25, "category": 25, "company": null, "card": 35, "note": "", "skip_summary": false, "creator": null, "time_created": "2020-03-06T02:47:43Z"}}, {"model": "bill.transaction", "pk": 81, "fields": {"amount": 413.0, "category": 25, "company": null, "card": 35, "note": "Robinhood \u8f6c\u8d26", "skip_summary": false, "creator": null, "time_created": "2020-03-05T04:22:44Z"}}, {"model": "bill.transaction", "pk": 82, "fields": {"amount": 1513.0, "category": 25, "company": null, "card": 35, "note": "Robinhood \u8f6c\u8d26", "skip_summary": false, "creator": null, "time_created": "2020-03-05T04:22:33Z"}}, {"model": "bill.transaction", "pk": 83, "fields": {"amount": -2.0, "category": 25, "company": null, "card": 35, "note": "", "skip_summary": false, "creator": null, "time_created": "2020-03-05T02:50:03Z"}}, {"model": "bill.transaction", "pk": 84, "fields": {"amount": -13.0, "category": 25, "company": null, "card": 35, "note": "", "skip_summary": false, "creator": null, "time_created": "2020-03-05T02:49:59Z"}}, {"model": "bill.transaction", "pk": 85, "fields": {"amount": -46.0, "category": 25, "company": null, "card": 35, "note": "", "skip_summary": false, "creator": null, "time_created": "2020-03-05T02:49:53Z"}}, {"model": "bill.transaction", "pk": 86, "fields": {"amount": -30.0, "category": 25, "company": null, "card": 35, "note": "", "skip_summary": false, "creator": null, "time_created": "2020-03-03T05:48:06Z"}}, {"model": "bill.transaction", "pk": 87, "fields": {"amount": -30.0, "category": 25, "company": null, "card": 35, "note": "", "skip_summary": false, "creator": null, "time_created": "2020-03-03T05:47:57Z"}}, {"model": "bill.transaction", "pk": 88, "fields": {"amount": -25.27, "category": 25, "company": null, "card": 35, "note": "", "skip_summary": false, "creator": null, "time_created": "2020-03-01T23:49:09Z"}}, {"model": "bill.transaction", "pk": 89, "fields": {"amount": -5.3, "category": 25, "company": null, "card": 35, "note": "", "skip_summary": false, "creator": null, "time_created": "2020-03-01T22:25:22Z"}}, {"model": "bill.transaction", "pk": 90, "fields": {"amount": -18.86, "category": 25, "company": null, "card": 35, "note": "", "skip_summary": false, "creator": null, "time_created": "2020-03-01T00:03:15Z"}}, {"model": "bill.transaction", "pk": 91, "fields": {"amount": -4.07, "category": 25, "company": null, "card": 35, "note": "", "skip_summary": false, "creator": null, "time_created": "2020-02-29T21:30:30Z"}}, {"model": "bill.transaction", "pk": 92, "fields": {"amount": -29.86, "category": 25, "company": null, "card": 35, "note": "", "skip_summary": false, "creator": null, "time_created": "2020-02-29T21:30:22Z"}}, {"model": "bill.transaction", "pk": 93, "fields": {"amount": -22.01, "category": 25, "company": null, "card": 35, "note": null, "skip_summary": false, "creator": null, "time_created": "2020-02-29T03:27:49Z"}}, {"model": "bill.transaction", "pk": 94, "fields": {"amount": -19.4, "category": 25, "company": null, "card": 35, "note": "", "skip_summary": false, "creator": null, "time_created": "2020-02-29T02:23:24Z"}}, {"model": "bill.transaction", "pk": 95, "fields": {"amount": -2223.81, "category": 26, "company": null, "card": 35, "note": "Seattle \u623f\u79df", "skip_summary": false, "creator": null, "time_created": "2020-02-28T23:06:25Z"}}, {"model": "bill.transaction", "pk": 96, "fields": {"amount": -336.0, "category": 29, "company": 39, "card": 35, "note": "ps4 pro", "skip_summary": false, "creator": null, "time_created": "2020-02-28T22:52:53Z"}}, {"model": "bill.transaction", "pk": 97, "fields": {"amount": -18.73, "category": 25, "company": null, "card": 35, "note": "", "skip_summary": false, "creator": null, "time_created": "2020-02-28T21:19:36Z"}}, {"model": "bill.transaction", "pk": 98, "fields": {"amount": -4.8, "category": 25, "company": null, "card": 35, "note": "", "skip_summary": false, "creator": null, "time_created": "2020-02-28T21:12:27Z"}}, {"model": "bill.transaction", "pk": 99, "fields": {"amount": -5.16, "category": 25, "company": null, "card": 35, "note": "", "skip_summary": false, "creator": null, "time_created": "2020-02-28T19:20:25Z"}}, {"model": "bill.transaction", "pk": 100, "fields": {"amount": -8.63, "category": 25, "company": null, "card": 35, "note": "", "skip_summary": false, "creator": null, "time_created": "2020-02-28T04:47:52Z"}}, {"model": "bill.transaction", "pk": 101, "fields": {"amount": -40.0, "category": 25, "company": null, "card": 35, "note": "", "skip_summary": false, "creator": null, "time_created": "2020-02-28T00:53:23Z"}}, {"model": "bill.transaction", "pk": 102, "fields": {"amount": -8.88, "category": 25, "company": null, "card": 35, "note": "", "skip_summary": false, "creator": null, "time_created": "2020-02-28T00:38:51Z"}}, {"model": "bill.transaction", "pk": 103, "fields": {"amount": -65.38, "category": 25, "company": null, "card": 35, "note": "", "skip_summary": false, "creator": null, "time_created": "2020-02-27T21:31:27Z"}}, {"model": "bill.transaction", "pk": 104, "fields": {"amount": -13.5, "category": 25, "company": null, "card": 35, "note": "", "skip_summary": false, "creator": null, "time_created": "2020-02-27T01:25:51Z"}}, {"model": "bill.transaction", "pk": 105, "fields": {"amount": -21.3, "category": 25, "company": null, "card": 35, "note": "", "skip_summary": false, "creator": null, "time_created": "2020-02-26T21:47:30Z"}}, {"model": "bill.transaction", "pk": 106, "fields": {"amount": -156.32, "category": 29, "company": 39, "card": 35, "note": "G502", "skip_summary": false, "creator": null, "time_created": "2020-02-26T20:04:14Z"}}, {"model": "bill.transaction", "pk": 107, "fields": {"amount": -25.0, "category": 25, "company": null, "card": 35, "note": "", "skip_summary": false, "creator": null, "time_created": "2020-02-26T03:56:58Z"}}, {"model": "bill.transaction", "pk": 108, "fields": {"amount": -114.0, "category": 27, "company": 45, "card": 35, "note": "Target", "skip_summary": false, "creator": null, "time_created": "2020-02-25T00:52:32Z"}}, {"model": "bill.transaction", "pk": 109, "fields": {"amount": -69.0, "category": 27, "company": 46, "card": 35, "note": "walmart", "skip_summary": false, "creator": null, "time_created": "2020-02-25T00:50:40Z"}}, {"model": "bill.transaction", "pk": 110, "fields": {"amount": -65.0, "category": 24, "company": 47, "card": 35, "note": "uber", "skip_summary": false, "creator": null, "time_created": "2020-02-25T00:45:58Z"}}, {"model": "bill.transaction", "pk": 111, "fields": {"amount": 7000.0, "category": 23, "company": 39, "card": 35, "note": "Relocation fee", "skip_summary": false, "creator": null, "time_created": "2020-02-25T00:43:58Z"}}, {"model": "bill.transaction", "pk": 112, "fields": {"amount": -40.0, "category": 27, "company": null, "card": 35, "note": "\u7535\u996d\u7172", "skip_summary": false, "creator": null, "time_created": "2020-02-25T00:43:36Z"}}, {"model": "bill.transaction", "pk": 113, "fields": {"amount": -63.19, "category": 25, "company": null, "card": 35, "note": "", "skip_summary": false, "creator": null, "time_created": "2020-02-25T00:42:45Z"}}, {"model": "bill.transaction", "pk": 114, "fields": {"amount": -63.16, "category": 25, "company": null, "card": 35, "note": "", "skip_summary": false, "creator": null, "time_created": "2020-02-25T00:42:37Z"}}, {"model": "bill.transaction", "pk": 115, "fields": {"amount": -16.5, "category": 28, "company": null, "card": 35, "note": "\u9762", "skip_summary": false, "creator": null, "time_created": "2020-02-25T00:41:13Z"}}, {"model": "bill.transaction", "pk": 116, "fields": {"amount": -418.0, "category": 30, "company": 48, "card": 35, "note": "Boston flight to Seattle", "skip_summary": false, "creator": null, "time_created": "2020-02-25T00:40:32Z"}}, {"model": "bill.transaction", "pk": 117, "fields": {"amount": -70.0, "category": 30, "company": 48, "card": 35, "note": "checked bag", "skip_summary": false, "creator": null, "time_created": "2020-02-25T00:40:14Z"}}, {"model": "bill.transaction", "pk": 118, "fields": {"amount": -1500.0, "category": 24, "company": null, "card": 35, "note": "\u8fd0\u8f66", "skip_summary": false, "creator": null, "time_created": "2020-02-25T00:39:55Z"}}, {"model": "bill.transaction", "pk": 119, "fields": {"amount": -722.0, "category": 25, "company": null, "card": 35, "note": "", "skip_summary": false, "creator": null, "time_created": "2020-02-25T00:39:37Z"}}, {"model": "bill.transaction", "pk": 120, "fields": {"amount": -18.5, "category": 25, "company": null, "card": 35, "note": "", "skip_summary": false, "creator": null, "time_created": "2020-02-04T17:03:22Z"}}, {"model": "bill.transaction", "pk": 121, "fields": {"amount": -40.5, "category": 25, "company": null, "card": 35, "note": "", "skip_summary": false, "creator": null, "time_created": "2020-02-04T09:56:17Z"}}, {"model": "bill.transaction", "pk": 122, "fields": {"amount": -1.59, "category": 25, "company": null, "card": 35, "note": "", "skip_summary": false, "creator": null, "time_created": "2020-02-03T20:41:48Z"}}, {"model": "bill.transaction", "pk": 123, "fields": {"amount": -15.0, "category": 25, "company": null, "card": 35, "note": "", "skip_summary": false, "creator": null, "time_created": "2020-02-03T15:55:47Z"}}, {"model": "bill.transaction", "pk": 124, "fields": {"amount": -5.39, "category": 25, "company": null, "card": 35, "note": "", "skip_summary": false, "creator": null, "time_created": "2020-02-01T15:09:32Z"}}, {"model": "bill.transaction", "pk": 125, "fields": {"amount": -38.41, "category": 25, "company": null, "card": 35, "note": "", "skip_summary": false, "creator": null, "time_created": "2020-02-01T15:09:23Z"}}, {"model": "bill.transaction", "pk": 126, "fields": {"amount": -9.08, "category": 25, "company": null, "card": 35, "note": "", "skip_summary": false, "creator": null, "time_created": "2020-01-31T20:28:44Z"}}, {"model": "bill.transaction", "pk": 127, "fields": {"amount": -12.29, "category": 25, "company": null, "card": 35, "note": "", "skip_summary": false, "creator": null, "time_created": "2020-01-31T14:24:21Z"}}, {"model": "bill.transaction", "pk": 128, "fields": {"amount": -19.0, "category": 25, "company": null, "card": 35, "note": "", "skip_summary": false, "creator": null, "time_created": "2020-01-30T23:47:10Z"}}, {"model": "bill.transaction", "pk": 129, "fields": {"amount": -22.0, "category": 25, "company": null, "card": 35, "note": "", "skip_summary": false, "creator": null, "time_created": "2020-01-30T19:34:45Z"}}, {"model": "bill.transaction", "pk": 130, "fields": {"amount": -8.87, "category": 25, "company": null, "card": 35, "note": "", "skip_summary": false, "creator": null, "time_created": "2020-01-30T15:07:52Z"}}, {"model": "bill.transaction", "pk": 131, "fields": {"amount": -3.89, "category": 25, "company": null, "card": 35, "note": "", "skip_summary": false, "creator": null, "time_created": "2020-01-29T16:55:43Z"}}, {"model": "bill.transaction", "pk": 132, "fields": {"amount": -20.0, "category": 25, "company": null, "card": 35, "note": "", "skip_summary": false, "creator": null, "time_created": "2020-01-29T15:41:36Z"}}, {"model": "bill.transaction", "pk": 133, "fields": {"amount": -17.14, "category": 25, "company": null, "card": 35, "note": "", "skip_summary": false, "creator": null, "time_created": "2020-01-29T10:36:03Z"}}, {"model": "bill.transaction", "pk": 134, "fields": {"amount": -18.55, "category": 25, "company": null, "card": 35, "note": "", "skip_summary": false, "creator": null, "time_created": "2020-01-29T09:48:13Z"}}, {"model": "bill.transaction", "pk": 135, "fields": {"amount": -108.24, "category": 25, "company": null, "card": 35, "note": "", "skip_summary": false, "creator": null, "time_created": "2020-01-29T08:54:29Z"}}, {"model": "bill.transaction", "pk": 136, "fields": {"amount": -47.26, "category": 25, "company": null, "card": 35, "note": "", "skip_summary": false, "creator": null, "time_created": "2020-01-29T08:54:18Z"}}, {"model": "bill.transaction", "pk": 137, "fields": {"amount": -65.0, "category": 25, "company": null, "card": 35, "note": "", "skip_summary": false, "creator": null, "time_created": "2019-09-06T09:06:54Z"}}, {"model": "bill.transaction", "pk": 138, "fields": {"amount": -14.67, "category": 25, "company": null, "card": 35, "note": "", "skip_summary": false, "creator": null, "time_created": "2019-09-05T13:53:44Z"}}, {"model": "bill.transaction", "pk": 139, "fields": {"amount": -35.0, "category": 25, "company": null, "card": 35, "note": "", "skip_summary": false, "creator": null, "time_created": "2019-08-30T19:05:03Z"}}, {"model": "bill.transaction", "pk": 140, "fields": {"amount": -61.9, "category": 25, "company": null, "card": 35, "note": "", "skip_summary": false, "creator": null, "time_created": "2019-08-29T09:05:40Z"}}, {"model": "bill.transaction", "pk": 141, "fields": {"amount": -10.0, "category": 25, "company": null, "card": 35, "note": "", "skip_summary": false, "creator": null, "time_created": "2019-08-16T18:09:42Z"}}, {"model": "bill.transaction", "pk": 142, "fields": {"amount": -21.0, "category": 25, "company": null, "card": 35, "note": "", "skip_summary": false, "creator": null, "time_created": "2019-08-15T19:09:47Z"}}, {"model": "bill.transaction", "pk": 143, "fields": {"amount": -9.0, "category": 25, "company": null, "card": 35, "note": "", "skip_summary": false, "creator": null, "time_created": "2019-08-14T19:18:02Z"}}, {"model": "bill.transaction", "pk": 144, "fields": {"amount": -26.11, "category": 25, "company": null, "card": 35, "note": "", "skip_summary": false, "creator": null, "time_created": "2019-08-14T19:17:53Z"}}, {"model": "bill.transaction", "pk": 145, "fields": {"amount": -26.0, "category": 25, "company": null, "card": 35, "note": "", "skip_summary": false, "creator": null, "time_created": "2019-08-12T18:34:50Z"}}, {"model": "bill.transaction", "pk": 146, "fields": {"amount": -18.0, "category": 25, "company": null, "card": 35, "note": "", "skip_summary": false, "creator": null, "time_created": "2019-08-12T18:00:55Z"}}, {"model": "bill.transaction", "pk": 147, "fields": {"amount": -6.0, "category": 25, "company": null, "card": 35, "note": "", "skip_summary": false, "creator": null, "time_created": "2019-08-11T13:57:20Z"}}, {"model": "bill.transaction", "pk": 148, "fields": {"amount": -25.58, "category": 25, "company": null, "card": 35, "note": "", "skip_summary": false, "creator": null, "time_created": "2019-08-09T18:31:43Z"}}, {"model": "bill.transaction", "pk": 149, "fields": {"amount": -10.0, "category": 25, "company": null, "card": 35, "note": "", "skip_summary": false, "creator": null, "time_created": "2019-08-08T19:48:20Z"}}, {"model": "bill.transaction", "pk": 150, "fields": {"amount": -20.0, "category": 25, "company": null, "card": 35, "note": "", "skip_summary": false, "creator": null, "time_created": "2019-08-08T10:37:59Z"}}, {"model": "bill.transaction", "pk": 151, "fields": {"amount": -14.0, "category": 25, "company": null, "card": 35, "note": "", "skip_summary": false, "creator": null, "time_created": "2019-08-06T13:28:19Z"}}, {"model": "bill.transaction", "pk": 152, "fields": {"amount": -16.0, "category": 25, "company": null, "card": 35, "note": "", "skip_summary": false, "creator": null, "time_created": "2019-08-04T22:59:49Z"}}, {"model": "bill.transaction", "pk": 153, "fields": {"amount": -65.87, "category": 25, "company": null, "card": 35, "note": "", "skip_summary": false, "creator": null, "time_created": "2019-08-04T19:15:37Z"}}, {"model": "bill.transaction", "pk": 154, "fields": {"amount": -28.75, "category": 25, "company": null, "card": 35, "note": "", "skip_summary": false, "creator": null, "time_created": "2019-08-04T18:39:50Z"}}, {"model": "bill.transaction", "pk": 155, "fields": {"amount": -18.69, "category": 25, "company": null, "card": 35, "note": "", "skip_summary": false, "creator": null, "time_created": "2019-08-03T18:36:09Z"}}, {"model": "bill.transaction", "pk": 156, "fields": {"amount": -9.08, "category": 25, "company": null, "card": 35, "note": "", "skip_summary": false, "creator": null, "time_created": "2019-08-03T13:52:28Z"}}, {"model": "bill.transaction", "pk": 157, "fields": {"amount": -5.35, "category": 25, "company": null, "card": 35, "note": "", "skip_summary": false, "creator": null, "time_created": "2019-08-02T20:27:31Z"}}, {"model": "bill.transaction", "pk": 158, "fields": {"amount": -17.66, "category": 25, "company": null, "card": 35, "note": "", "skip_summary": false, "creator": null, "time_created": "2019-08-02T13:16:00Z"}}, {"model": "bill.transaction", "pk": 159, "fields": {"amount": -11.09, "category": 25, "company": null, "card": 35, "note": "", "skip_summary": false, "creator": null, "time_created": "2019-07-30T22:44:22Z"}}, {"model": "bill.transaction", "pk": 160, "fields": {"amount": -25.0, "category": 25, "company": null, "card": 35, "note": "", "skip_summary": false, "creator": null, "time_created": "2019-07-30T18:27:26Z"}}, {"model": "bill.transaction", "pk": 161, "fields": {"amount": -23.0, "category": 25, "company": null, "card": 35, "note": "", "skip_summary": false, "creator": null, "time_created": "2019-07-30T13:55:00Z"}}, {"model": "bill.transaction", "pk": 162, "fields": {"amount": -500.0, "category": 25, "company": null, "card": 35, "note": "", "skip_summary": false, "creator": null, "time_created": "2019-07-30T13:51:47Z"}}, {"model": "bill.transaction", "pk": 163, "fields": {"amount": -17.0, "category": 25, "company": null, "card": 35, "note": "", "skip_summary": false, "creator": null, "time_created": "2019-07-29T09:52:26Z"}}, {"model": "bill.transaction", "pk": 164, "fields": {"amount": 2292.0, "category": 25, "company": null, "card": 35, "note": "", "skip_summary": false, "creator": null, "time_created": "2019-07-28T22:07:39Z"}}, {"model": "bill.transaction", "pk": 165, "fields": {"amount": -150.0, "category": 25, "company": null, "card": 35, "note": "", "skip_summary": false, "creator": null, "time_created": "2019-07-28T22:07:20Z"}}, {"model": "bill.transaction", "pk": 166, "fields": {"amount": -5.0, "category": 25, "company": null, "card": 35, "note": "", "skip_summary": false, "creator": null, "time_created": "2019-07-28T18:51:09Z"}}, {"model": "bill.transaction", "pk": 167, "fields": {"amount": -15.5, "category": 25, "company": null, "card": 35, "note": "", "skip_summary": false, "creator": null, "time_created": "2019-07-28T18:51:05Z"}}, {"model": "bill.transaction", "pk": 168, "fields": {"amount": -176.0, "category": 25, "company": null, "card": 35, "note": "", "skip_summary": false, "creator": null, "time_created": "2019-07-27T19:24:38Z"}}, {"model": "bill.transaction", "pk": 169, "fields": {"amount": -16.0, "category": 25, "company": null, "card": 35, "note": "", "skip_summary": false, "creator": null, "time_created": "2019-07-26T13:09:22Z"}}, {"model": "bill.transaction", "pk": 170, "fields": {"amount": -6.0, "category": 25, "company": null, "card": 35, "note": "", "skip_summary": false, "creator": null, "time_created": "2019-07-25T18:39:48Z"}}, {"model": "bill.transaction", "pk": 171, "fields": {"amount": -24.0, "category": 25, "company": null, "card": 35, "note": "", "skip_summary": false, "creator": null, "time_created": "2019-07-25T18:39:45Z"}}, {"model": "bill.transaction", "pk": 172, "fields": {"amount": -12.84, "category": 25, "company": null, "card": 35, "note": "", "skip_summary": false, "creator": null, "time_created": "2019-07-23T12:48:08Z"}}, {"model": "bill.transaction", "pk": 173, "fields": {"amount": -9.19, "category": 25, "company": null, "card": 35, "note": "", "skip_summary": false, "creator": null, "time_created": "2019-07-22T13:22:21Z"}}, {"model": "bill.transaction", "pk": 174, "fields": {"amount": -16.5, "category": 25, "company": null, "card": 35, "note": "", "skip_summary": false, "creator": null, "time_created": "2019-07-22T11:15:20Z"}}, {"model": "bill.transaction", "pk": 175, "fields": {"amount": -64.0, "category": 25, "company": null, "card": 35, "note": "", "skip_summary": false, "creator": null, "time_created": "2019-07-21T00:12:58Z"}}, {"model": "bill.transaction", "pk": 176, "fields": {"amount": -30.0, "category": 25, "company": null, "card": 35, "note": "", "skip_summary": false, "creator": null, "time_created": "2019-07-20T18:24:18Z"}}, {"model": "bill.transaction", "pk": 177, "fields": {"amount": -138.0, "category": 25, "company": null, "card": 35, "note": "", "skip_summary": false, "creator": null, "time_created": "2019-07-20T17:30:37Z"}}, {"model": "bill.transaction", "pk": 178, "fields": {"amount": -68.0, "category": 25, "company": null, "card": 35, "note": "", "skip_summary": false, "creator": null, "time_created": "2019-07-20T17:30:34Z"}}, {"model": "bill.transaction", "pk": 179, "fields": {"amount": -69.0, "category": 25, "company": null, "card": 35, "note": "", "skip_summary": false, "creator": null, "time_created": "2019-07-20T17:30:29Z"}}, {"model": "bill.transaction", "pk": 180, "fields": {"amount": -45.0, "category": 25, "company": null, "card": 35, "note": "", "skip_summary": false, "creator": null, "time_created": "2019-07-20T00:26:02Z"}}, {"model": "bill.transaction", "pk": 181, "fields": {"amount": -27.71, "category": 25, "company": null, "card": 35, "note": "", "skip_summary": false, "creator": null, "time_created": "2019-07-19T21:19:11Z"}}, {"model": "bill.transaction", "pk": 182, "fields": {"amount": -13.7, "category": 25, "company": null, "card": 35, "note": "", "skip_summary": false, "creator": null, "time_created": "2019-07-19T13:25:39Z"}}, {"model": "bill.transaction", "pk": 183, "fields": {"amount": -23.0, "category": 25, "company": null, "card": 35, "note": "", "skip_summary": false, "creator": null, "time_created": "2019-07-19T11:04:09Z"}}, {"model": "bill.transaction", "pk": 184, "fields": {"amount": -21.0, "category": 25, "company": null, "card": 35, "note": "", "skip_summary": false, "creator": null, "time_created": "2019-07-19T11:03:58Z"}}, {"model": "bill.transaction", "pk": 185, "fields": {"amount": -60.0, "category": 25, "company": null, "card": 35, "note": "", "skip_summary": false, "creator": null, "time_created": "2019-07-19T11:03:54Z"}}, {"model": "bill.transaction", "pk": 186, "fields": {"amount": -10.0, "category": 25, "company": null, "card": 35, "note": "", "skip_summary": false, "creator": null, "time_created": "2019-07-19T11:03:49Z"}}, {"model": "bill.transaction", "pk": 187, "fields": {"amount": 40.0, "category": 25, "company": null, "card": 35, "note": "", "skip_summary": false, "creator": null, "time_created": "2019-07-15T23:00:52Z"}}, {"model": "bill.transaction", "pk": 188, "fields": {"amount": -27.0, "category": 25, "company": null, "card": 35, "note": "", "skip_summary": false, "creator": null, "time_created": "2019-07-15T23:00:41Z"}}, {"model": "bill.transaction", "pk": 189, "fields": {"amount": -21.0, "category": 25, "company": null, "card": 35, "note": "", "skip_summary": false, "creator": null, "time_created": "2019-07-15T23:00:36Z"}}, {"model": "bill.transaction", "pk": 190, "fields": {"amount": -21.0, "category": 25, "company": null, "card": 35, "note": "", "skip_summary": false, "creator": null, "time_created": "2019-07-15T23:00:26Z"}}, {"model": "bill.transaction", "pk": 191, "fields": {"amount": -44.0, "category": 25, "company": null, "card": 35, "note": "", "skip_summary": false, "creator": null, "time_created": "2019-07-15T16:47:53Z"}}, {"model": "bill.transaction", "pk": 192, "fields": {"amount": 2292.0, "category": 25, "company": null, "card": 35, "note": "", "skip_summary": false, "creator": null, "time_created": "2019-07-15T13:43:51Z"}}, {"model": "bill.transaction", "pk": 193, "fields": {"amount": -22.0, "category": 25, "company": null, "card": 35, "note": "", "skip_summary": false, "creator": null, "time_created": "2019-07-15T13:43:13Z"}}, {"model": "bill.transaction", "pk": 194, "fields": {"amount": -10.49, "category": 25, "company": null, "card": 35, "note": "", "skip_summary": false, "creator": null, "time_created": "2019-07-15T13:43:09Z"}}, {"model": "bill.transaction", "pk": 195, "fields": {"amount": -9.19, "category": 25, "company": null, "card": 35, "note": "", "skip_summary": false, "creator": null, "time_created": "2019-07-11T13:37:38Z"}}, {"model": "bill.transaction", "pk": 196, "fields": {"amount": -20.0, "category": 25, "company": null, "card": 35, "note": "", "skip_summary": false, "creator": null, "time_created": "2019-07-10T18:40:16Z"}}, {"model": "bill.transaction", "pk": 197, "fields": {"amount": -30.0, "category": 25, "company": null, "card": 35, "note": "", "skip_summary": false, "creator": null, "time_created": "2019-07-10T18:40:11Z"}}, {"model": "bill.transaction", "pk": 198, "fields": {"amount": -26.0, "category": 25, "company": null, "card": 35, "note": "", "skip_summary": false, "creator": null, "time_created": "2019-07-10T18:40:01Z"}}, {"model": "bill.transaction", "pk": 199, "fields": {"amount": -12.0, "category": 25, "company": null, "card": 35, "note": "", "skip_summary": false, "creator": null, "time_created": "2019-07-10T18:39:58Z"}}, {"model": "bill.transaction", "pk": 200, "fields": {"amount": -12.94, "category": 25, "company": null, "card": 35, "note": "", "skip_summary": false, "creator": null, "time_created": "2019-07-02T13:23:02Z"}}, {"model": "bill.transaction", "pk": 201, "fields": {"amount": -10.57, "category": 25, "company": null, "card": 35, "note": "", "skip_summary": false, "creator": null, "time_created": "2019-07-01T14:04:07Z"}}, {"model": "bill.transaction", "pk": 202, "fields": {"amount": -28.55, "category": 25, "company": null, "card": 35, "note": "", "skip_summary": false, "creator": null, "time_created": "2019-06-30T11:48:09Z"}}, {"model": "bill.transaction", "pk": 203, "fields": {"amount": -18.0, "category": 25, "company": null, "card": 35, "note": "", "skip_summary": false, "creator": null, "time_created": "2019-06-29T23:22:21Z"}}, {"model": "bill.transaction", "pk": 204, "fields": {"amount": -65.0, "category": 25, "company": null, "card": 35, "note": "", "skip_summary": false, "creator": null, "time_created": "2019-06-29T18:28:18Z"}}, {"model": "bill.transaction", "pk": 205, "fields": {"amount": -180.0, "category": 25, "company": null, "card": 35, "note": "", "skip_summary": false, "creator": null, "time_created": "2019-06-28T23:58:55Z"}}, {"model": "bill.transaction", "pk": 206, "fields": {"amount": 2293.0, "category": 25, "company": null, "card": 35, "note": "", "skip_summary": false, "creator": null, "time_created": "2019-06-28T10:20:14Z"}}, {"model": "bill.transaction", "pk": 207, "fields": {"amount": -10.0, "category": 25, "company": null, "card": 35, "note": "", "skip_summary": false, "creator": null, "time_created": "2019-06-27T18:22:17Z"}}, {"model": "bill.transaction", "pk": 208, "fields": {"amount": -24.0, "category": 25, "company": null, "card": 35, "note": "", "skip_summary": false, "creator": null, "time_created": "2019-06-27T18:22:13Z"}}, {"model": "bill.transaction", "pk": 209, "fields": {"amount": -31.0, "category": 25, "company": null, "card": 35, "note": "", "skip_summary": false, "creator": null, "time_created": "2019-06-26T22:04:01Z"}}, {"model": "bill.transaction", "pk": 210, "fields": {"amount": -10.0, "category": 25, "company": null, "card": 35, "note": "", "skip_summary": false, "creator": null, "time_created": "2019-06-26T22:03:58Z"}}, {"model": "bill.transaction", "pk": 211, "fields": {"amount": -20.0, "category": 25, "company": null, "card": 35, "note": "", "skip_summary": false, "creator": null, "time_created": "2019-06-24T18:37:37Z"}}, {"model": "bill.transaction", "pk": 212, "fields": {"amount": -52.0, "category": 25, "company": null, "card": 35, "note": "", "skip_summary": false, "creator": null, "time_created": "2019-06-24T18:37:33Z"}}, {"model": "bill.transaction", "pk": 213, "fields": {"amount": -21.0, "category": 25, "company": null, "card": 35, "note": "", "skip_summary": false, "creator": null, "time_created": "2019-06-24T17:57:57Z"}}, {"model": "bill.transaction", "pk": 214, "fields": {"amount": -50.0, "category": 25, "company": null, "card": 35, "note": "", "skip_summary": false, "creator": null, "time_created": "2019-06-23T19:50:51Z"}}, {"model": "bill.transaction", "pk": 215, "fields": {"amount": -11.0, "category": 25, "company": null, "card": 35, "note": "", "skip_summary": false, "creator": null, "time_created": "2019-06-23T11:57:51Z"}}, {"model": "bill.transaction", "pk": 216, "fields": {"amount": -4.0, "category": 25, "company": null, "card": 35, "note": "", "skip_summary": false, "creator": null, "time_created": "2019-06-22T19:25:30Z"}}, {"model": "bill.transaction", "pk": 217, "fields": {"amount": -46.98, "category": 25, "company": null, "card": 35, "note": "", "skip_summary": false, "creator": null, "time_created": "2019-06-22T18:37:50Z"}}, {"model": "bill.transaction", "pk": 218, "fields": {"amount": -27.8, "category": 25, "company": null, "card": 35, "note": "", "skip_summary": false, "creator": null, "time_created": "2019-06-22T18:37:23Z"}}, {"model": "bill.transaction", "pk": 219, "fields": {"amount": -1061.0, "category": 25, "company": null, "card": 35, "note": "", "skip_summary": false, "creator": null, "time_created": "2019-06-22T12:57:03Z"}}, {"model": "bill.transaction", "pk": 220, "fields": {"amount": -23.9, "category": 25, "company": null, "card": 35, "note": "", "skip_summary": false, "creator": null, "time_created": "2019-06-21T20:19:19Z"}}, {"model": "bill.transaction", "pk": 221, "fields": {"amount": -9.19, "category": 25, "company": null, "card": 35, "note": "", "skip_summary": false, "creator": null, "time_created": "2019-06-21T13:34:06Z"}}, {"model": "bill.transaction", "pk": 222, "fields": {"amount": -22.04, "category": 25, "company": null, "card": 35, "note": "", "skip_summary": false, "creator": null, "time_created": "2019-06-20T13:36:16Z"}}, {"model": "bill.transaction", "pk": 223, "fields": {"amount": -9.63, "category": 25, "company": null, "card": 35, "note": "", "skip_summary": false, "creator": null, "time_created": "2019-06-20T13:36:06Z"}}, {"model": "bill.transaction", "pk": 224, "fields": {"amount": -17.0, "category": 25, "company": null, "card": 35, "note": "", "skip_summary": false, "creator": null, "time_created": "2019-06-19T19:53:11Z"}}, {"model": "bill.transaction", "pk": 225, "fields": {"amount": -10.57, "category": 25, "company": null, "card": 35, "note": "", "skip_summary": false, "creator": null, "time_created": "2019-06-19T13:40:50Z"}}, {"model": "bill.transaction", "pk": 226, "fields": {"amount": -6.7, "category": 25, "company": null, "card": 35, "note": "", "skip_summary": false, "creator": null, "time_created": "2019-06-18T20:41:01Z"}}, {"model": "bill.transaction", "pk": 227, "fields": {"amount": -30.0, "category": 25, "company": null, "card": 35, "note": "", "skip_summary": false, "creator": null, "time_created": "2019-06-18T12:59:08Z"}}, {"model": "bill.transaction", "pk": 228, "fields": {"amount": -95.63, "category": 25, "company": null, "card": 35, "note": "", "skip_summary": false, "creator": null, "time_created": "2019-06-17T19:17:45Z"}}, {"model": "bill.transaction", "pk": 229, "fields": {"amount": -10.0, "category": 25, "company": null, "card": 35, "note": "", "skip_summary": false, "creator": null, "time_created": "2019-06-17T16:03:20Z"}}, {"model": "bill.transaction", "pk": 230, "fields": {"amount": -47.0, "category": 25, "company": null, "card": 35, "note": "", "skip_summary": false, "creator": null, "time_created": "2019-06-16T18:23:35Z"}}, {"model": "bill.transaction", "pk": 231, "fields": {"amount": -8.51, "category": 25, "company": null, "card": 35, "note": "", "skip_summary": false, "creator": null, "time_created": "2019-06-16T18:23:24Z"}}, {"model": "bill.transaction", "pk": 232, "fields": {"amount": -64.0, "category": 25, "company": null, "card": 35, "note": "", "skip_summary": false, "creator": null, "time_created": "2019-06-16T13:45:14Z"}}, {"model": "bill.transaction", "pk": 233, "fields": {"amount": -27.0, "category": 25, "company": null, "card": 35, "note": "", "skip_summary": false, "creator": null, "time_created": "2019-06-15T21:34:32Z"}}, {"model": "bill.transaction", "pk": 234, "fields": {"amount": -10.0, "category": 25, "company": null, "card": 35, "note": "", "skip_summary": false, "creator": null, "time_created": "2019-06-15T18:57:52Z"}}, {"model": "bill.transaction", "pk": 235, "fields": {"amount": -20.0, "category": 25, "company": null, "card": 35, "note": "", "skip_summary": false, "creator": null, "time_created": "2019-06-15T18:57:46Z"}}, {"model": "bill.transaction", "pk": 236, "fields": {"amount": -40.0, "category": 25, "company": null, "card": 35, "note": "", "skip_summary": false, "creator": null, "time_created": "2019-06-15T18:57:41Z"}}, {"model": "bill.transaction", "pk": 237, "fields": {"amount": -19.0, "category": 25, "company": null, "card": 35, "note": "", "skip_summary": false, "creator": null, "time_created": "2019-06-14T14:14:46Z"}}, {"model": "bill.transaction", "pk": 238, "fields": {"amount": -10.3, "category": 25, "company": null, "card": 35, "note": "", "skip_summary": false, "creator": null, "time_created": "2019-06-13T13:01:44Z"}}, {"model": "bill.transaction", "pk": 239, "fields": {"amount": -11.5, "category": 25, "company": null, "card": 35, "note": "", "skip_summary": false, "creator": null, "time_created": "2019-06-13T10:29:03Z"}}, {"model": "bill.transaction", "pk": 240, "fields": {"amount": -2.88, "category": 25, "company": null, "card": 35, "note": "", "skip_summary": false, "creator": null, "time_created": "2019-06-10T13:56:29Z"}}, {"model": "bill.transaction", "pk": 241, "fields": {"amount": -12.0, "category": 25, "company": null, "card": 35, "note": "", "skip_summary": false, "creator": null, "time_created": "2019-06-10T13:34:21Z"}}, {"model": "bill.transaction", "pk": 242, "fields": {"amount": -9.08, "category": 25, "company": null, "card": 35, "note": "", "skip_summary": false, "creator": null, "time_created": "2019-06-09T19:48:47Z"}}, {"model": "bill.transaction", "pk": 243, "fields": {"amount": -50.0, "category": 25, "company": null, "card": 35, "note": "", "skip_summary": false, "creator": null, "time_created": "2019-06-09T18:27:57Z"}}, {"model": "bill.transaction", "pk": 244, "fields": {"amount": -5.35, "category": 25, "company": null, "card": 35, "note": "", "skip_summary": false, "creator": null, "time_created": "2019-06-07T19:25:36Z"}}, {"model": "bill.transaction", "pk": 245, "fields": {"amount": -34.0, "category": 25, "company": null, "card": 35, "note": "", "skip_summary": false, "creator": null, "time_created": "2019-06-07T18:39:10Z"}}, {"model": "bill.transaction", "pk": 246, "fields": {"amount": 1245.0, "category": 25, "company": null, "card": 35, "note": "", "skip_summary": false, "creator": null, "time_created": "2019-06-07T13:21:13Z"}}, {"model": "bill.transaction", "pk": 247, "fields": {"amount": -9.0, "category": 25, "company": null, "card": 35, "note": "", "skip_summary": false, "creator": null, "time_created": "2019-06-03T22:10:21Z"}}, {"model": "bill.transaction", "pk": 248, "fields": {"amount": -9.0, "category": 25, "company": null, "card": 35, "note": "", "skip_summary": false, "creator": null, "time_created": "2019-06-03T18:37:08Z"}}, {"model": "bill.transaction", "pk": 249, "fields": {"amount": -30.0, "category": 25, "company": null, "card": 35, "note": "", "skip_summary": false, "creator": null, "time_created": "2019-05-31T17:58:52Z"}}, {"model": "bill.transaction", "pk": 250, "fields": {"amount": -7.0, "category": 25, "company": null, "card": 35, "note": "", "skip_summary": false, "creator": null, "time_created": "2019-05-30T15:46:00Z"}}, {"model": "bill.transaction", "pk": 251, "fields": {"amount": -47.0, "category": 25, "company": null, "card": 35, "note": "", "skip_summary": false, "creator": null, "time_created": "2019-05-30T15:45:48Z"}}, {"model": "bill.transaction", "pk": 252, "fields": {"amount": -25.0, "category": 25, "company": null, "card": 35, "note": "", "skip_summary": false, "creator": null, "time_created": "2019-05-29T19:49:51Z"}}, {"model": "bill.transaction", "pk": 253, "fields": {"amount": -10.0, "category": 25, "company": null, "card": 35, "note": "", "skip_summary": false, "creator": null, "time_created": "2019-05-28T23:48:57Z"}}, {"model": "bill.transaction", "pk": 254, "fields": {"amount": -63.0, "category": 25, "company": null, "card": 35, "note": "", "skip_summary": false, "creator": null, "time_created": "2019-05-28T19:07:13Z"}}, {"model": "bill.transaction", "pk": 255, "fields": {"amount": -5.35, "category": 25, "company": null, "card": 35, "note": "", "skip_summary": false, "creator": null, "time_created": "2019-05-27T13:48:33Z"}}, {"model": "bill.transaction", "pk": 256, "fields": {"amount": -60.44, "category": 25, "company": null, "card": 35, "note": "", "skip_summary": false, "creator": null, "time_created": "2019-05-26T19:19:43Z"}}, {"model": "bill.transaction", "pk": 257, "fields": {"amount": -5.9, "category": 25, "company": null, "card": 35, "note": "", "skip_summary": false, "creator": null, "time_created": "2019-05-26T13:57:46Z"}}, {"model": "bill.transaction", "pk": 258, "fields": {"amount": -20.0, "category": 25, "company": null, "card": 35, "note": "", "skip_summary": false, "creator": null, "time_created": "2019-05-25T22:36:03Z"}}, {"model": "bill.transaction", "pk": 259, "fields": {"amount": -30.0, "category": 25, "company": null, "card": 35, "note": "", "skip_summary": false, "creator": null, "time_created": "2019-01-19T18:55:36Z"}}, {"model": "bill.transaction", "pk": 260, "fields": {"amount": -12.0, "category": 25, "company": null, "card": 35, "note": "", "skip_summary": false, "creator": null, "time_created": "2019-01-02T16:29:55Z"}}, {"model": "bill.transaction", "pk": 261, "fields": {"amount": -30.0, "category": 25, "company": null, "card": 35, "note": "", "skip_summary": false, "creator": null, "time_created": "2019-01-02T16:29:41Z"}}, {"model": "bill.transaction", "pk": 262, "fields": {"amount": -13.0, "category": 25, "company": null, "card": 35, "note": "", "skip_summary": false, "creator": null, "time_created": "2019-01-02T16:29:34Z"}}, {"model": "bill.transaction", "pk": 263, "fields": {"amount": -14.0, "category": 25, "company": null, "card": 35, "note": "", "skip_summary": false, "creator": null, "time_created": "2018-12-28T16:51:36Z"}}, {"model": "bill.transaction", "pk": 264, "fields": {"amount": -17.0, "category": 25, "company": null, "card": 35, "note": "", "skip_summary": false, "creator": null, "time_created": "2018-12-27T14:20:35Z"}}, {"model": "bill.transaction", "pk": 265, "fields": {"amount": -76.0, "category": 25, "company": null, "card": 35, "note": "", "skip_summary": false, "creator": null, "time_created": "2018-12-25T01:04:18Z"}}, {"model": "bill.transaction", "pk": 266, "fields": {"amount": -23.0, "category": 25, "company": null, "card": 35, "note": "", "skip_summary": false, "creator": null, "time_created": "2018-12-22T21:53:26Z"}}, {"model": "bill.transaction", "pk": 267, "fields": {"amount": -25.0, "category": 25, "company": null, "card": 35, "note": "", "skip_summary": false, "creator": null, "time_created": "2018-12-21T20:07:59Z"}}, {"model": "bill.transaction", "pk": 268, "fields": {"amount": -70.0, "category": 25, "company": null, "card": 35, "note": "", "skip_summary": false, "creator": null, "time_created": "2018-12-21T17:56:33Z"}}, {"model": "bill.transaction", "pk": 269, "fields": {"amount": -6.0, "category": 25, "company": null, "card": 35, "note": "", "skip_summary": false, "creator": null, "time_created": "2018-12-18T14:31:29Z"}}, {"model": "bill.transaction", "pk": 270, "fields": {"amount": -350.0, "category": 25, "company": null, "card": 35, "note": "", "skip_summary": false, "creator": null, "time_created": "2018-12-13T16:24:03Z"}}, {"model": "bill.transaction", "pk": 271, "fields": {"amount": -60.0, "category": 25, "company": null, "card": 35, "note": "", "skip_summary": false, "creator": null, "time_created": "2018-12-12T12:04:53Z"}}, {"model": "bill.transaction", "pk": 272, "fields": {"amount": -4.0, "category": 25, "company": null, "card": 35, "note": "", "skip_summary": false, "creator": null, "time_created": "2018-12-12T00:29:32Z"}}, {"model": "bill.transaction", "pk": 273, "fields": {"amount": -7.0, "category": 25, "company": null, "card": 35, "note": "", "skip_summary": false, "creator": null, "time_created": "2018-12-12T00:29:27Z"}}, {"model": "bill.transaction", "pk": 274, "fields": {"amount": -34.0, "category": 25, "company": null, "card": 35, "note": "", "skip_summary": false, "creator": null, "time_created": "2018-12-08T19:32:17Z"}}, {"model": "bill.transaction", "pk": 275, "fields": {"amount": -18.0, "category": 25, "company": null, "card": 35, "note": "", "skip_summary": false, "creator": null, "time_created": "2018-12-07T22:29:52Z"}}, {"model": "bill.transaction", "pk": 276, "fields": {"amount": -5.0, "category": 25, "company": null, "card": 35, "note": "", "skip_summary": false, "creator": null, "time_created": "2018-12-07T22:29:48Z"}}, {"model": "bill.transaction", "pk": 277, "fields": {"amount": -6.0, "category": 25, "company": null, "card": 35, "note": "", "skip_summary": false, "creator": null, "time_created": "2018-12-07T15:00:04Z"}}, {"model": "bill.transaction", "pk": 278, "fields": {"amount": -5.3, "category": 25, "company": null, "card": 35, "note": "", "skip_summary": false, "creator": null, "time_created": "2018-12-06T20:00:17Z"}}, {"model": "bill.transaction", "pk": 279, "fields": {"amount": -64.0, "category": 31, "company": 39, "card": 35, "note": "smash bro", "skip_summary": false, "creator": null, "time_created": "2018-12-06T13:46:34Z"}}, {"model": "bill.transaction", "pk": 280, "fields": {"amount": -60.0, "category": 29, "company": 39, "card": 35, "note": "switch dock", "skip_summary": false, "creator": null, "time_created": "2018-12-06T13:27:34Z"}}, {"model": "bill.transaction", "pk": 281, "fields": {"amount": -24.0, "category": 25, "company": null, "card": 35, "note": "", "skip_summary": false, "creator": null, "time_created": "2018-12-06T13:27:04Z"}}, {"model": "bill.transaction", "pk": 282, "fields": {"amount": -6.0, "category": 25, "company": null, "card": 35, "note": "", "skip_summary": false, "creator": null, "time_created": "2018-11-30T14:31:45Z"}}, {"model": "bill.transaction", "pk": 283, "fields": {"amount": -22.0, "category": 25, "company": null, "card": 35, "note": "", "skip_summary": false, "creator": null, "time_created": "2018-11-29T21:32:36Z"}}, {"model": "bill.transaction", "pk": 284, "fields": {"amount": -40.0, "category": 25, "company": null, "card": 35, "note": "", "skip_summary": false, "creator": null, "time_created": "2018-11-28T23:19:52Z"}}, {"model": "bill.transaction", "pk": 285, "fields": {"amount": -5.76, "category": 25, "company": null, "card": 35, "note": "", "skip_summary": false, "creator": null, "time_created": "2018-11-26T11:46:37Z"}}, {"model": "bill.transaction", "pk": 286, "fields": {"amount": -24.6, "category": 25, "company": null, "card": 35, "note": "", "skip_summary": false, "creator": null, "time_created": "2018-11-25T18:29:23Z"}}, {"model": "bill.transaction", "pk": 287, "fields": {"amount": -50.0, "category": 25, "company": null, "card": 35, "note": "", "skip_summary": false, "creator": null, "time_created": "2018-11-23T19:37:42Z"}}, {"model": "bill.transaction", "pk": 288, "fields": {"amount": -450.0, "category": 29, "company": 39, "card": 35, "note": "pc", "skip_summary": false, "creator": null, "time_created": "2018-11-22T01:13:13Z"}}, {"model": "bill.transaction", "pk": 289, "fields": {"amount": -5.76, "category": 33, "company": 49, "card": 35, "note": "\u9ea6\u5f53\u52b3", "skip_summary": false, "creator": null, "time_created": "2018-11-22T01:11:19Z"}}, {"model": "bill.transaction", "pk": 290, "fields": {"amount": -15.0, "category": 28, "company": null, "card": 35, "note": "c market", "skip_summary": false, "creator": null, "time_created": "2018-11-22T01:10:27Z"}}, {"model": "bill.transaction", "pk": 291, "fields": {"amount": -90.0, "category": 25, "company": null, "card": 35, "note": "", "skip_summary": false, "creator": null, "time_created": "2018-11-22T01:09:11Z"}}, {"model": "bill.transaction", "pk": 292, "fields": {"amount": -5.0, "category": 29, "company": 39, "card": 35, "note": "\u7f51\u7ebf", "skip_summary": false, "creator": null, "time_created": "2018-11-21T21:57:54Z"}}, {"model": "bill.transaction", "pk": 293, "fields": {"amount": -11.0, "category": 29, "company": 50, "card": 35, "note": "steam link", "skip_summary": false, "creator": null, "time_created": "2018-11-21T14:56:04Z"}}, {"model": "bill.transaction", "pk": 294, "fields": {"amount": -10.0, "category": 33, "company": null, "card": 35, "note": "\u6728\u5170", "skip_summary": false, "creator": null, "time_created": "2018-11-21T14:55:59Z"}}, {"model": "bill.transaction", "pk": 295, "fields": {"amount": -9.0, "category": 33, "company": null, "card": 35, "note": "dragon", "skip_summary": false, "creator": null, "time_created": "2018-11-20T20:28:24Z"}}, {"model": "bill.transaction", "pk": 296, "fields": {"amount": -16.5, "category": 26, "company": null, "card": 35, "note": "\u7535\u8d39", "skip_summary": false, "creator": null, "time_created": "2018-11-19T20:35:15Z"}}, {"model": "bill.transaction", "pk": 297, "fields": {"amount": -28.0, "category": 29, "company": 39, "card": 35, "note": "\u8def\u7531\u5668", "skip_summary": false, "creator": null, "time_created": "2018-11-19T20:22:58Z"}}, {"model": "bill.transaction", "pk": 298, "fields": {"amount": -213.0, "category": 29, "company": 39, "card": 35, "note": "ps4", "skip_summary": false, "creator": null, "time_created": "2018-11-19T15:06:17Z"}}, {"model": "bill.transaction", "pk": 299, "fields": {"amount": -37.0, "category": 32, "company": 39, "card": 35, "note": "\u978b\u5b50", "skip_summary": false, "creator": null, "time_created": "2018-11-18T23:18:48Z"}}, {"model": "bill.transaction", "pk": 300, "fields": {"amount": 60.0, "category": 31, "company": null, "card": 35, "note": "\u5356\u6e38\u620f", "skip_summary": false, "creator": null, "time_created": "2018-11-18T23:16:11Z"}}, {"model": "bill.transaction", "pk": 301, "fields": {"amount": -11.5, "category": 25, "company": null, "card": 35, "note": "", "skip_summary": false, "creator": null, "time_created": "2018-11-18T18:38:24Z"}}, {"model": "bill.transaction", "pk": 302, "fields": {"amount": -18.0, "category": 25, "company": null, "card": 35, "note": "", "skip_summary": false, "creator": null, "time_created": "2018-11-17T17:59:10Z"}}, {"model": "bill.transaction", "pk": 303, "fields": {"amount": -44.0, "category": 30, "company": null, "card": 35, "note": "\u6ed1\u96ea", "skip_summary": false, "creator": null, "time_created": "2018-11-17T17:55:54Z"}}, {"model": "bill.transaction", "pk": 304, "fields": {"amount": -8.0, "category": 25, "company": null, "card": 35, "note": "", "skip_summary": false, "creator": null, "time_created": "2018-11-17T16:36:50Z"}}, {"model": "bill.transaction", "pk": 305, "fields": {"amount": -37.0, "category": 30, "company": null, "card": 35, "note": "\u6ed1\u96ea", "skip_summary": false, "creator": null, "time_created": "2018-11-17T16:36:45Z"}}, {"model": "bill.transaction", "pk": 306, "fields": {"amount": -10.0, "category": 25, "company": null, "card": 35, "note": "", "skip_summary": false, "creator": null, "time_created": "2018-11-17T15:23:30Z"}}, {"model": "bill.transaction", "pk": 307, "fields": {"amount": -70.0, "category": 25, "company": null, "card": 35, "note": "", "skip_summary": false, "creator": null, "time_created": "2018-11-16T21:46:12Z"}}, {"model": "bill.transaction", "pk": 308, "fields": {"amount": -5.35, "category": 25, "company": null, "card": 35, "note": "", "skip_summary": false, "creator": null, "time_created": "2018-11-16T13:56:50Z"}}, {"model": "bill.transaction", "pk": 309, "fields": {"amount": -10.0, "category": 25, "company": null, "card": 35, "note": "", "skip_summary": false, "creator": null, "time_created": "2018-11-13T23:23:42Z"}}, {"model": "bill.transaction", "pk": 310, "fields": {"amount": -9.0, "category": 25, "company": null, "card": 35, "note": "", "skip_summary": false, "creator": null, "time_created": "2018-11-13T23:23:38Z"}}, {"model": "bill.transaction", "pk": 311, "fields": {"amount": -21.5, "category": 25, "company": null, "card": 35, "note": "", "skip_summary": false, "creator": null, "time_created": "2018-11-10T17:45:10Z"}}, {"model": "bill.transaction", "pk": 312, "fields": {"amount": -4.8, "category": 25, "company": null, "card": 35, "note": "", "skip_summary": false, "creator": null, "time_created": "2018-11-09T13:36:11Z"}}, {"model": "bill.transaction", "pk": 313, "fields": {"amount": -300.0, "category": 29, "company": null, "card": 35, "note": "\u65b9\u5411\u76d8", "skip_summary": false, "creator": null, "time_created": "2018-11-08T20:26:07Z"}}, {"model": "bill.transaction", "pk": 314, "fields": {"amount": -5.0, "category": 25, "company": null, "card": 35, "note": "", "skip_summary": false, "creator": null, "time_created": "2018-11-06T16:39:38Z"}}, {"model": "bill.transaction", "pk": 315, "fields": {"amount": -5.88, "category": 25, "company": null, "card": 35, "note": "", "skip_summary": false, "creator": null, "time_created": "2018-11-06T14:22:56Z"}}, {"model": "bill.transaction", "pk": 316, "fields": {"amount": -10.0, "category": 25, "company": null, "card": 35, "note": "", "skip_summary": false, "creator": null, "time_created": "2018-11-06T12:07:19Z"}}, {"model": "bill.transaction", "pk": 317, "fields": {"amount": -20.0, "category": 25, "company": null, "card": 35, "note": "", "skip_summary": false, "creator": null, "time_created": "2018-11-04T22:03:06Z"}}, {"model": "bill.transaction", "pk": 318, "fields": {"amount": -15.0, "category": 25, "company": null, "card": 35, "note": "", "skip_summary": false, "creator": null, "time_created": "2018-11-02T21:58:47Z"}}, {"model": "bill.transaction", "pk": 319, "fields": {"amount": -45.0, "category": 25, "company": null, "card": 35, "note": "", "skip_summary": false, "creator": null, "time_created": "2018-11-02T21:58:41Z"}}, {"model": "bill.transaction", "pk": 320, "fields": {"amount": -50.0, "category": 25, "company": null, "card": 35, "note": "", "skip_summary": false, "creator": null, "time_created": "2018-11-02T21:58:34Z"}}, {"model": "bill.transaction", "pk": 321, "fields": {"amount": -10.0, "category": 25, "company": null, "card": 35, "note": "", "skip_summary": false, "creator": null, "time_created": "2018-11-02T10:24:14Z"}}, {"model": "bill.transaction", "pk": 322, "fields": {"amount": -17.0, "category": 25, "company": null, "card": 35, "note": "", "skip_summary": false, "creator": null, "time_created": "2018-11-02T10:24:09Z"}}, {"model": "bill.transaction", "pk": 323, "fields": {"amount": -32.0, "category": 25, "company": null, "card": 35, "note": "", "skip_summary": false, "creator": null, "time_created": "2018-10-30T00:26:53Z"}}, {"model": "bill.transaction", "pk": 324, "fields": {"amount": -5.0, "category": 25, "company": null, "card": 35, "note": "", "skip_summary": false, "creator": null, "time_created": "2018-10-29T18:23:44Z"}}, {"model": "bill.transaction", "pk": 325, "fields": {"amount": -200.0, "category": 25, "company": null, "card": 35, "note": "", "skip_summary": false, "creator": null, "time_created": "2018-10-28T20:17:19Z"}}, {"model": "bill.transaction", "pk": 326, "fields": {"amount": -70.0, "category": 25, "company": null, "card": 35, "note": "", "skip_summary": false, "creator": null, "time_created": "2018-10-28T14:15:06Z"}}, {"model": "bill.transaction", "pk": 327, "fields": {"amount": -30.0, "category": 25, "company": null, "card": 35, "note": "", "skip_summary": false, "creator": null, "time_created": "2018-10-26T23:33:17Z"}}, {"model": "bill.transaction", "pk": 328, "fields": {"amount": -36.0, "category": 25, "company": null, "card": 35, "note": "", "skip_summary": false, "creator": null, "time_created": "2018-10-25T20:57:27Z"}}, {"model": "bill.transaction", "pk": 329, "fields": {"amount": -10.22, "category": 25, "company": null, "card": 35, "note": "", "skip_summary": false, "creator": null, "time_created": "2018-10-25T00:04:39Z"}}, {"model": "bill.transaction", "pk": 330, "fields": {"amount": -5.0, "category": 25, "company": null, "card": 35, "note": "", "skip_summary": false, "creator": null, "time_created": "2018-10-24T18:52:18Z"}}, {"model": "bill.transaction", "pk": 331, "fields": {"amount": -19.0, "category": 25, "company": null, "card": 35, "note": "", "skip_summary": false, "creator": null, "time_created": "2018-10-24T18:52:14Z"}}, {"model": "bill.transaction", "pk": 332, "fields": {"amount": -9.2, "category": 25, "company": null, "card": 35, "note": "", "skip_summary": false, "creator": null, "time_created": "2018-10-20T19:23:18Z"}}, {"model": "bill.transaction", "pk": 333, "fields": {"amount": -40.0, "category": 25, "company": null, "card": 35, "note": "", "skip_summary": false, "creator": null, "time_created": "2018-10-20T17:46:22Z"}}, {"model": "bill.transaction", "pk": 334, "fields": {"amount": -15.0, "category": 25, "company": null, "card": 35, "note": "", "skip_summary": false, "creator": null, "time_created": "2018-10-20T17:46:18Z"}}, {"model": "bill.transaction", "pk": 335, "fields": {"amount": -40.0, "category": 25, "company": null, "card": 35, "note": "", "skip_summary": false, "creator": null, "time_created": "2018-10-20T17:46:13Z"}}, {"model": "bill.transaction", "pk": 336, "fields": {"amount": -10.22, "category": 25, "company": null, "card": 35, "note": "", "skip_summary": false, "creator": null, "time_created": "2018-10-18T17:16:58Z"}}, {"model": "bill.transaction", "pk": 337, "fields": {"amount": -5.0, "category": 25, "company": null, "card": 35, "note": "", "skip_summary": false, "creator": null, "time_created": "2018-10-17T13:28:49Z"}}, {"model": "bill.transaction", "pk": 338, "fields": {"amount": -10.0, "category": 25, "company": null, "card": 35, "note": "", "skip_summary": false, "creator": null, "time_created": "2018-10-17T13:28:38Z"}}, {"model": "bill.transaction", "pk": 339, "fields": {"amount": -43.0, "category": 25, "company": null, "card": 35, "note": "", "skip_summary": false, "creator": null, "time_created": "2018-10-17T01:58:06Z"}}, {"model": "bill.transaction", "pk": 340, "fields": {"amount": -10.0, "category": 25, "company": null, "card": 35, "note": "", "skip_summary": false, "creator": null, "time_created": "2018-10-16T17:10:53Z"}}, {"model": "bill.transaction", "pk": 341, "fields": {"amount": -20.0, "category": 25, "company": null, "card": 35, "note": "", "skip_summary": false, "creator": null, "time_created": "2018-10-16T12:10:07Z"}}, {"model": "bill.transaction", "pk": 342, "fields": {"amount": -6.0, "category": 25, "company": null, "card": 35, "note": "", "skip_summary": false, "creator": null, "time_created": "2018-10-16T10:42:50Z"}}, {"model": "bill.transaction", "pk": 343, "fields": {"amount": -9.14, "category": 25, "company": null, "card": 35, "note": "", "skip_summary": false, "creator": null, "time_created": "2018-10-15T19:54:35Z"}}, {"model": "bill.transaction", "pk": 344, "fields": {"amount": -63.0, "category": 25, "company": null, "card": 35, "note": "", "skip_summary": false, "creator": null, "time_created": "2018-10-15T17:46:27Z"}}, {"model": "bill.transaction", "pk": 345, "fields": {"amount": -4.28, "category": 25, "company": null, "card": 35, "note": "", "skip_summary": false, "creator": null, "time_created": "2018-09-30T14:06:40Z"}}, {"model": "bill.transaction", "pk": 346, "fields": {"amount": -10.0, "category": 25, "company": null, "card": 35, "note": "", "skip_summary": false, "creator": null, "time_created": "2018-09-30T12:24:40Z"}}, {"model": "bill.transaction", "pk": 347, "fields": {"amount": -8.0, "category": 25, "company": null, "card": 35, "note": "", "skip_summary": false, "creator": null, "time_created": "2018-09-30T12:24:19Z"}}, {"model": "bill.transaction", "pk": 348, "fields": {"amount": -40.0, "category": 25, "company": null, "card": 35, "note": "", "skip_summary": false, "creator": null, "time_created": "2018-09-30T12:14:51Z"}}, {"model": "bill.transaction", "pk": 349, "fields": {"amount": -24.0, "category": 25, "company": null, "card": 35, "note": "", "skip_summary": false, "creator": null, "time_created": "2018-09-30T12:14:43Z"}}, {"model": "bill.transaction", "pk": 350, "fields": {"amount": -10.0, "category": 25, "company": null, "card": 35, "note": "", "skip_summary": false, "creator": null, "time_created": "2018-09-30T12:14:35Z"}}, {"model": "bill.transaction", "pk": 352, "fields": {"amount": -115.0, "category": 26, "company": 53, "card": 35, "note": "\u7535\u8d39", "skip_summary": false, "creator": null, "time_created": "2020-04-25T22:50:24Z"}}, {"model": "bill.transaction", "pk": 353, "fields": {"amount": -22.08, "category": 33, "company": 40, "card": 37, "note": "\u665a\u996d", "skip_summary": false, "creator": null, "time_created": "2020-04-26T00:50:55Z"}}, {"model": "bill.transaction", "pk": 354, "fields": {"amount": -0.65, "category": 27, "company": 40, "card": 35, "note": "\u5395\u7eb8", "skip_summary": false, "creator": null, "time_created": "2020-04-26T22:51:28Z"}}, {"model": "bill.transaction", "pk": 355, "fields": {"amount": -53.02, "category": 27, "company": 40, "card": 37, "note": null, "skip_summary": false, "creator": null, "time_created": "2020-04-26T22:51:50Z"}}, {"model": "bill.transaction", "pk": 356, "fields": {"amount": -13.0, "category": 24, "company": 40, "card": 36, "note": "\u6cb9\u8d39", "skip_summary": false, "creator": null, "time_created": "2020-04-26T22:52:08Z"}}, {"model": "bill.transaction", "pk": 357, "fields": {"amount": -66.0, "category": 31, "company": 39, "card": 35, "note": "TLOU 2", "skip_summary": false, "creator": null, "time_created": "2020-04-27T16:54:10Z"}}, {"model": "bill.transaction", "pk": 358, "fields": {"amount": -38.0, "category": 32, "company": 39, "card": 35, "note": null, "skip_summary": false, "creator": null, "time_created": "2020-04-27T16:54:39Z"}}, {"model": "bill.transaction", "pk": 359, "fields": {"amount": 7142.75, "category": 23, "company": 39, "card": 35, "note": null, "skip_summary": false, "creator": null, "time_created": "2020-04-28T16:54:59Z"}}, {"model": "bill.transaction", "pk": 360, "fields": {"amount": -42.0, "category": 51, "company": 52, "card": 35, "note": null, "skip_summary": false, "creator": null, "time_created": "2020-04-26T16:56:19Z"}}, {"model": "bill.transaction", "pk": 361, "fields": {"amount": -33.0, "category": 51, "company": 54, "card": 36, "note": "internet", "skip_summary": false, "creator": 9, "time_created": "2020-04-28T16:56:33Z"}}, {"model": "bill.transaction", "pk": 362, "fields": {"amount": -115.0, "category": 26, "company": 40, "card": 35, "note": "\u7535\u8d39", "skip_summary": false, "creator": null, "time_created": "2020-04-27T17:01:47Z"}}, {"model": "bill.transaction", "pk": 364, "fields": {"amount": -18.1, "category": 33, "company": 63, "card": 37, "note": "\u5348\u9910", "skip_summary": false, "creator": null, "time_created": "2020-04-28T19:04:07Z"}}, {"model": "bill.transaction", "pk": 365, "fields": {"amount": -10.0, "category": 33, "company": 40, "card": 37, "note": "\u665a\u9910", "skip_summary": false, "creator": null, "time_created": "2020-04-29T01:05:48Z"}}, {"model": "bill.transaction", "pk": 366, "fields": {"amount": -36.32, "category": 31, "company": 50, "card": 36, "note": "steam", "skip_summary": false, "creator": null, "time_created": "2020-04-29T03:06:08Z"}}, {"model": "bill.transaction", "pk": 367, "fields": {"amount": -31.79, "category": 33, "company": 63, "card": 35, "note": "\u665a\u996d", "skip_summary": false, "creator": null, "time_created": "2020-04-29T16:52:50Z"}}, {"model": "bill.transaction", "pk": 368, "fields": {"amount": -18.82, "category": 33, "company": 63, "card": 35, "note": "\u665a\u9910", "skip_summary": false, "creator": null, "time_created": "2020-04-30T16:53:30Z"}}, {"model": "bill.transaction", "pk": 369, "fields": {"amount": -2170.0, "category": 26, "company": 53, "card": 35, "note": "Seattle", "skip_summary": true, "creator": 7, "time_created": "2020-05-01T16:54:06Z"}}, {"model": "bill.transaction", "pk": 370, "fields": {"amount": -65.0, "category": 26, "company": 53, "card": 35, "note": "\u6742\u8d39", "skip_summary": true, "creator": null, "time_created": "2020-05-01T16:54:26Z"}}, {"model": "bill.transaction", "pk": 371, "fields": {"amount": -1400.0, "category": 26, "company": 53, "card": 35, "note": "Boston", "skip_summary": true, "creator": 8, "time_created": "2020-05-01T17:00:19Z"}}, {"model": "bill.transaction", "pk": 372, "fields": {"amount": -38.0, "category": 32, "company": 40, "card": 35, "note": "\u88e4\u5b50", "skip_summary": false, "creator": null, "time_created": "2020-05-02T00:50:22Z"}}, {"model": "auth.permission", "pk": 1, "fields": {"name": "Can add log entry", "content_type": 1, "codename": "add_logentry"}}, {"model": "auth.permission", "pk": 2, "fields": {"name": "Can change log entry", "content_type": 1, "codename": "change_logentry"}}, {"model": "auth.permission", "pk": 3, "fields": {"name": "Can delete log entry", "content_type": 1, "codename": "delete_logentry"}}, {"model": "auth.permission", "pk": 4, "fields": {"name": "Can view log entry", "content_type": 1, "codename": "view_logentry"}}, {"model": "auth.permission", "pk": 5, "fields": {"name": "Can add permission", "content_type": 2, "codename": "add_permission"}}, {"model": "auth.permission", "pk": 6, "fields": {"name": "Can change permission", "content_type": 2, "codename": "change_permission"}}, {"model": "auth.permission", "pk": 7, "fields": {"name": "Can delete permission", "content_type": 2, "codename": "delete_permission"}}, {"model": "auth.permission", "pk": 8, "fields": {"name": "Can view permission", "content_type": 2, "codename": "view_permission"}}, {"model": "auth.permission", "pk": 9, "fields": {"name": "Can add group", "content_type": 3, "codename": "add_group"}}, {"model": "auth.permission", "pk": 10, "fields": {"name": "Can change group", "content_type": 3, "codename": "change_group"}}, {"model": "auth.permission", "pk": 11, "fields": {"name": "Can delete group", "content_type": 3, "codename": "delete_group"}}, {"model": "auth.permission", "pk": 12, "fields": {"name": "Can view group", "content_type": 3, "codename": "view_group"}}, {"model": "auth.permission", "pk": 13, "fields": {"name": "Can add content type", "content_type": 4, "codename": "add_contenttype"}}, {"model": "auth.permission", "pk": 14, "fields": {"name": "Can change content type", "content_type": 4, "codename": "change_contenttype"}}, {"model": "auth.permission", "pk": 15, "fields": {"name": "Can delete content type", "content_type": 4, "codename": "delete_contenttype"}}, {"model": "auth.permission", "pk": 16, "fields": {"name": "Can view content type", "content_type": 4, "codename": "view_contenttype"}}, {"model": "auth.permission", "pk": 17, "fields": {"name": "Can add session", "content_type": 5, "codename": "add_session"}}, {"model": "auth.permission", "pk": 18, "fields": {"name": "Can change session", "content_type": 5, "codename": "change_session"}}, {"model": "auth.permission", "pk": 19, "fields": {"name": "Can delete session", "content_type": 5, "codename": "delete_session"}}, {"model": "auth.permission", "pk": 20, "fields": {"name": "Can view session", "content_type": 5, "codename": "view_session"}}, {"model": "auth.permission", "pk": 21, "fields": {"name": "Can add enum category", "content_type": 6, "codename": "add_enumcategory"}}, {"model": "auth.permission", "pk": 22, "fields": {"name": "Can change enum category", "content_type": 6, "codename": "change_enumcategory"}}, {"model": "auth.permission", "pk": 23, "fields": {"name": "Can delete enum category", "content_type": 6, "codename": "delete_enumcategory"}}, {"model": "auth.permission", "pk": 24, "fields": {"name": "Can view enum category", "content_type": 6, "codename": "view_enumcategory"}}, {"model": "auth.permission", "pk": 25, "fields": {"name": "Can add monthly budget", "content_type": 7, "codename": "add_monthlybudget"}}, {"model": "auth.permission", "pk": 26, "fields": {"name": "Can change monthly budget", "content_type": 7, "codename": "change_monthlybudget"}}, {"model": "auth.permission", "pk": 27, "fields": {"name": "Can delete monthly budget", "content_type": 7, "codename": "delete_monthlybudget"}}, {"model": "auth.permission", "pk": 28, "fields": {"name": "Can view monthly budget", "content_type": 7, "codename": "view_monthlybudget"}}, {"model": "auth.permission", "pk": 29, "fields": {"name": "Can add recurring bill", "content_type": 8, "codename": "add_recurringbill"}}, {"model": "auth.permission", "pk": 30, "fields": {"name": "Can change recurring bill", "content_type": 8, "codename": "change_recurringbill"}}, {"model": "auth.permission", "pk": 31, "fields": {"name": "Can delete recurring bill", "content_type": 8, "codename": "delete_recurringbill"}}, {"model": "auth.permission", "pk": 32, "fields": {"name": "Can view recurring bill", "content_type": 8, "codename": "view_recurringbill"}}, {"model": "auth.permission", "pk": 33, "fields": {"name": "Can add transaction", "content_type": 9, "codename": "add_transaction"}}, {"model": "auth.permission", "pk": 34, "fields": {"name": "Can change transaction", "content_type": 9, "codename": "change_transaction"}}, {"model": "auth.permission", "pk": 35, "fields": {"name": "Can delete transaction", "content_type": 9, "codename": "delete_transaction"}}, {"model": "auth.permission", "pk": 36, "fields": {"name": "Can view transaction", "content_type": 9, "codename": "view_transaction"}}, {"model": "auth.permission", "pk": 37, "fields": {"name": "Can add user", "content_type": 10, "codename": "add_user"}}, {"model": "auth.permission", "pk": 38, "fields": {"name": "Can change user", "content_type": 10, "codename": "change_user"}}, {"model": "auth.permission", "pk": 39, "fields": {"name": "Can delete user", "content_type": 10, "codename": "delete_user"}}, {"model": "auth.permission", "pk": 40, "fields": {"name": "Can view user", "content_type": 10, "codename": "view_user"}}, {"model": "auth.permission", "pk": 41, "fields": {"name": "Can add icon", "content_type": 11, "codename": "add_icon"}}, {"model": "auth.permission", "pk": 42, "fields": {"name": "Can change icon", "content_type": 11, "codename": "change_icon"}}, {"model": "auth.permission", "pk": 43, "fields": {"name": "Can delete icon", "content_type": 11, "codename": "delete_icon"}}, {"model": "auth.permission", "pk": 44, "fields": {"name": "Can view icon", "content_type": 11, "codename": "view_icon"}}, {"model": "bill.user", "pk": 1, "fields": {"password": "pbkdf2_sha256$180000$FG2HeoDmia5u$KPpqvaI3chcKSZLECp+hqxsYwSq4Hyb396zhI5Ze430=", "last_login": "2020-05-09T18:44:43.157Z", "is_superuser": true, "username": "admin", "first_name": "", "last_name": "", "email": "", "is_staff": true, "is_active": true, "date_joined": "2020-04-05T04:01:11.384Z", "groups": [], "user_permissions": []}}, {"model": "admin.logentry", "pk": 1, "fields": {"action_time": "2020-04-05T04:01:33.781Z", "user": 1, "content_type": 6, "object_id": "1", "object_repr": "Food", "action_flag": 1, "change_message": "[{\"added\": {}}]"}}, {"model": "admin.logentry", "pk": 2, "fields": {"action_time": "2020-04-05T04:01:37.870Z", "user": 1, "content_type": 6, "object_id": "2", "object_repr": "Toy", "action_flag": 1, "change_message": "[{\"added\": {}}]"}}, {"model": "admin.logentry", "pk": 3, "fields": {"action_time": "2020-04-05T04:01:42.449Z", "user": 1, "content_type": 6, "object_id": "3", "object_repr": "Rent", "action_flag": 1, "change_message": "[{\"added\": {}}]"}}, {"model": "admin.logentry", "pk": 4, "fields": {"action_time": "2020-04-05T04:01:48.913Z", "user": 1, "content_type": 6, "object_id": "4", "object_repr": "Transportation", "action_flag": 1, "change_message": "[{\"added\": {}}]"}}, {"model": "admin.logentry", "pk": 5, "fields": {"action_time": "2020-04-05T04:01:53.249Z", "user": 1, "content_type": 6, "object_id": "5", "object_repr": "Uti", "action_flag": 1, "change_message": "[{\"added\": {}}]"}}, {"model": "admin.logentry", "pk": 6, "fields": {"action_time": "2020-04-05T04:01:56.998Z", "user": 1, "content_type": 6, "object_id": "6", "object_repr": "Apple", "action_flag": 1, "change_message": "[{\"added\": {}}]"}}, {"model": "admin.logentry", "pk": 7, "fields": {"action_time": "2020-04-05T04:02:00.897Z", "user": 1, "content_type": 6, "object_id": "7", "object_repr": "Amazon", "action_flag": 1, "change_message": "[{\"added\": {}}]"}}, {"model": "admin.logentry", "pk": 8, "fields": {"action_time": "2020-04-05T04:02:05.496Z", "user": 1, "content_type": 6, "object_id": "8", "object_repr": "Other", "action_flag": 1, "change_message": "[{\"added\": {}}]"}}, {"model": "admin.logentry", "pk": 9, "fields": {"action_time": "2020-04-05T04:02:09.419Z", "user": 1, "content_type": 6, "object_id": "9", "object_repr": "BOA", "action_flag": 1, "change_message": "[{\"added\": {}}]"}}, {"model": "admin.logentry", "pk": 10, "fields": {"action_time": "2020-04-05T04:02:13.316Z", "user": 1, "content_type": 6, "object_id": "10", "object_repr": "Discover", "action_flag": 1, "change_message": "[{\"added\": {}}]"}}, {"model": "admin.logentry", "pk": 11, "fields": {"action_time": "2020-04-05T04:02:25.680Z", "user": 1, "content_type": 7, "object_id": "1", "object_repr": "3000.0", "action_flag": 1, "change_message": "[{\"added\": {}}]"}}, {"model": "admin.logentry", "pk": 12, "fields": {"action_time": "2020-04-05T04:02:59.541Z", "user": 1, "content_type": 8, "object_id": "1", "object_repr": "Recurring M = 2100.0 - Rent", "action_flag": 1, "change_message": "[{\"added\": {}}]"}}, {"model": "admin.logentry", "pk": 13, "fields": {"action_time": "2020-04-05T04:03:16.826Z", "user": 1, "content_type": 8, "object_id": "2", "object_repr": "Recurring M = 5.0 - Uti", "action_flag": 1, "change_message": "[{\"added\": {}}]"}}, {"model": "admin.logentry", "pk": 14, "fields": {"action_time": "2020-04-05T04:03:37.721Z", "user": 1, "content_type": 9, "object_id": "1", "object_repr": "7000.0 - Transportation - Amazon - BOA - 2020-04-04 21:03:23-07:00", "action_flag": 1, "change_message": "[{\"added\": {}}]"}}, {"model": "admin.logentry", "pk": 15, "fields": {"action_time": "2020-04-05T04:03:51.354Z", "user": 1, "content_type": 9, "object_id": "2", "object_repr": "-20.0 - Food - Other - BOA - 2020-04-04 21:03:37-07:00", "action_flag": 1, "change_message": "[{\"added\": {}}]"}}, {"model": "admin.logentry", "pk": 16, "fields": {"action_time": "2020-04-05T21:23:14.102Z", "user": 1, "content_type": 9, "object_id": "3", "object_repr": "-120.0 - Uti - Amazon - BOA - 2020-04-05 14:22:35-07:00", "action_flag": 1, "change_message": "[{\"added\": {}}]"}}, {"model": "admin.logentry", "pk": 17, "fields": {"action_time": "2020-04-08T04:45:53.043Z", "user": 1, "content_type": 6, "object_id": "15", "object_repr": "Fuck you", "action_flag": 3, "change_message": ""}}, {"model": "admin.logentry", "pk": 18, "fields": {"action_time": "2020-04-08T04:45:53.044Z", "user": 1, "content_type": 6, "object_id": "14", "object_repr": "Fuck you", "action_flag": 3, "change_message": ""}}, {"model": "admin.logentry", "pk": 19, "fields": {"action_time": "2020-04-08T04:45:53.046Z", "user": 1, "content_type": 6, "object_id": "13", "object_repr": "Fuck you", "action_flag": 3, "change_message": ""}}, {"model": "admin.logentry", "pk": 20, "fields": {"action_time": "2020-04-08T04:45:53.047Z", "user": 1, "content_type": 6, "object_id": "12", "object_repr": "Fuck you", "action_flag": 3, "change_message": ""}}, {"model": "admin.logentry", "pk": 21, "fields": {"action_time": "2020-04-08T04:45:53.049Z", "user": 1, "content_type": 6, "object_id": "11", "object_repr": "fuck", "action_flag": 3, "change_message": ""}}, {"model": "admin.logentry", "pk": 22, "fields": {"action_time": "2020-04-11T19:27:33.508Z", "user": 1, "content_type": 11, "object_id": "1", "object_repr": "Icon object (1)", "action_flag": 1, "change_message": "[{\"added\": {}}]"}}, {"model": "admin.logentry", "pk": 23, "fields": {"action_time": "2020-04-11T19:27:36.042Z", "user": 1, "content_type": 11, "object_id": "2", "object_repr": "Icon object (2)", "action_flag": 1, "change_message": "[{\"added\": {}}]"}}, {"model": "admin.logentry", "pk": 24, "fields": {"action_time": "2020-04-11T19:27:43.650Z", "user": 1, "content_type": 11, "object_id": "3", "object_repr": "Icon object (3)", "action_flag": 1, "change_message": "[{\"added\": {}}]"}}, {"model": "admin.logentry", "pk": 25, "fields": {"action_time": "2020-04-11T19:27:47.032Z", "user": 1, "content_type": 11, "object_id": "4", "object_repr": "Icon object (4)", "action_flag": 1, "change_message": "[{\"added\": {}}]"}}, {"model": "admin.logentry", "pk": 26, "fields": {"action_time": "2020-04-11T19:28:56.376Z", "user": 1, "content_type": 6, "object_id": "4", "object_repr": "Transportation", "action_flag": 2, "change_message": "[{\"changed\": {\"fields\": [\"Icon\"]}}]"}}, {"model": "admin.logentry", "pk": 27, "fields": {"action_time": "2020-04-12T17:36:47.077Z", "user": 1, "content_type": 6, "object_id": "14", "object_repr": "Test enum 5", "action_flag": 3, "change_message": ""}}, {"model": "admin.logentry", "pk": 28, "fields": {"action_time": "2020-04-12T17:36:47.079Z", "user": 1, "content_type": 6, "object_id": "13", "object_repr": "Test enum 3", "action_flag": 3, "change_message": ""}}, {"model": "admin.logentry", "pk": 29, "fields": {"action_time": "2020-04-12T17:36:47.080Z", "user": 1, "content_type": 6, "object_id": "12", "object_repr": "Test enum 2", "action_flag": 3, "change_message": ""}}, {"model": "admin.logentry", "pk": 30, "fields": {"action_time": "2020-04-12T17:36:57.409Z", "user": 1, "content_type": 11, "object_id": "7", "object_repr": "Fine", "action_flag": 3, "change_message": ""}}, {"model": "admin.logentry", "pk": 31, "fields": {"action_time": "2020-04-12T17:36:57.410Z", "user": 1, "content_type": 11, "object_id": "6", "object_repr": "test update", "action_flag": 3, "change_message": ""}}, {"model": "admin.logentry", "pk": 32, "fields": {"action_time": "2020-04-12T18:02:28.410Z", "user": 1, "content_type": 6, "object_id": "18", "object_repr": "Test enum 4", "action_flag": 3, "change_message": ""}}, {"model": "admin.logentry", "pk": 33, "fields": {"action_time": "2020-04-12T18:02:28.412Z", "user": 1, "content_type": 6, "object_id": "16", "object_repr": "Test enum 3", "action_flag": 3, "change_message": ""}}, {"model": "admin.logentry", "pk": 34, "fields": {"action_time": "2020-04-12T18:02:28.413Z", "user": 1, "content_type": 6, "object_id": "15", "object_repr": "Test enum 2", "action_flag": 3, "change_message": ""}}, {"model": "admin.logentry", "pk": 35, "fields": {"action_time": "2020-04-12T18:02:28.415Z", "user": 1, "content_type": 6, "object_id": "11", "object_repr": "Test enum", "action_flag": 3, "change_message": ""}}, {"model": "admin.logentry", "pk": 36, "fields": {"action_time": "2020-04-12T18:02:28.416Z", "user": 1, "content_type": 6, "object_id": "17", "object_repr": "Test enum 4", "action_flag": 3, "change_message": ""}}, {"model": "admin.logentry", "pk": 37, "fields": {"action_time": "2020-04-12T18:02:40.291Z", "user": 1, "content_type": 11, "object_id": "8", "object_repr": "Test icon", "action_flag": 3, "change_message": ""}}, {"model": "admin.logentry", "pk": 38, "fields": {"action_time": "2020-04-12T18:35:17.346Z", "user": 1, "content_type": 11, "object_id": "9", "object_repr": "Test icon", "action_flag": 3, "change_message": ""}}, {"model": "admin.logentry", "pk": 39, "fields": {"action_time": "2020-04-18T19:38:40.176Z", "user": 1, "content_type": 6, "object_id": "20", "object_repr": "Game", "action_flag": 1, "change_message": "[{\"added\": {}}]"}}, {"model": "admin.logentry", "pk": 40, "fields": {"action_time": "2020-04-18T19:38:51.798Z", "user": 1, "content_type": 6, "object_id": "21", "object_repr": "Valve", "action_flag": 1, "change_message": "[{\"added\": {}}]"}}, {"model": "admin.logentry", "pk": 41, "fields": {"action_time": "2020-04-18T19:38:59.208Z", "user": 1, "content_type": 6, "object_id": "22", "object_repr": "Apple Card", "action_flag": 1, "change_message": "[{\"added\": {}}]"}}, {"model": "admin.logentry", "pk": 42, "fields": {"action_time": "2020-04-18T19:39:18.245Z", "user": 1, "content_type": 6, "object_id": "22", "object_repr": "Apple Card", "action_flag": 2, "change_message": "[{\"changed\": {\"fields\": [\"Category\"]}}]"}}, {"model": "admin.logentry", "pk": 43, "fields": {"action_time": "2020-04-18T19:39:29.784Z", "user": 1, "content_type": 9, "object_id": "5", "object_repr": "-66.0 - Game - Valve - Apple Card - 2020-04-18 12:38:26-07:00", "action_flag": 1, "change_message": "[{\"added\": {}}]"}}, {"model": "admin.logentry", "pk": 44, "fields": {"action_time": "2020-04-20T03:27:40.198Z", "user": 1, "content_type": 9, "object_id": "6", "object_repr": "1.0 - Uti - Other - BOA - 2020-04-19 20:27:14-07:00", "action_flag": 1, "change_message": "[{\"added\": {}}]"}}, {"model": "admin.logentry", "pk": 45, "fields": {"action_time": "2020-04-20T03:27:47.979Z", "user": 1, "content_type": 9, "object_id": "7", "object_repr": "1.0 - Food - Apple - BOA - 2020-04-19 20:27:40-07:00", "action_flag": 1, "change_message": "[{\"added\": {}}]"}}, {"model": "admin.logentry", "pk": 46, "fields": {"action_time": "2020-04-20T03:27:55.031Z", "user": 1, "content_type": 9, "object_id": "8", "object_repr": "213.0 - Food - Apple - BOA - 2020-04-19 20:27:48-07:00", "action_flag": 1, "change_message": "[{\"added\": {}}]"}}, {"model": "admin.logentry", "pk": 47, "fields": {"action_time": "2020-04-20T03:28:02.351Z", "user": 1, "content_type": 9, "object_id": "9", "object_repr": "123123.0 - Rent - Amazon - Apple Card - 2020-04-19 20:27:55-07:00", "action_flag": 1, "change_message": "[{\"added\": {}}]"}}, {"model": "admin.logentry", "pk": 48, "fields": {"action_time": "2020-04-20T03:28:10.825Z", "user": 1, "content_type": 9, "object_id": "10", "object_repr": "5666.0 - Toy - Other - Apple Card - 2020-04-19 20:28:02-07:00", "action_flag": 1, "change_message": "[{\"added\": {}}]"}}, {"model": "admin.logentry", "pk": 49, "fields": {"action_time": "2020-04-20T03:28:18.952Z", "user": 1, "content_type": 9, "object_id": "11", "object_repr": "123124.0 - Uti - Other - Apple Card - 2020-04-19 20:28:10-07:00", "action_flag": 1, "change_message": "[{\"added\": {}}]"}}, {"model": "admin.logentry", "pk": 50, "fields": {"action_time": "2020-04-20T03:28:26.230Z", "user": 1, "content_type": 9, "object_id": "12", "object_repr": "888.0 - Food - Apple - Apple Card - 2020-04-19 20:28:19-07:00", "action_flag": 1, "change_message": "[{\"added\": {}}]"}}, {"model": "admin.logentry", "pk": 51, "fields": {"action_time": "2020-04-20T03:28:32.976Z", "user": 1, "content_type": 9, "object_id": "13", "object_repr": "132131230.0 - Transportation - Other - Apple Card - 2020-04-19 20:28:26-07:00", "action_flag": 1, "change_message": "[{\"added\": {}}]"}}, {"model": "admin.logentry", "pk": 52, "fields": {"action_time": "2020-04-22T04:41:14.337Z", "user": 1, "content_type": 9, "object_id": "13", "object_repr": "132131230.66 - Transportation - Other - Apple Card - 2020-04-19 20:28:26-07:00", "action_flag": 2, "change_message": "[{\"changed\": {\"fields\": [\"Amount\"]}}]"}}, {"model": "admin.logentry", "pk": 53, "fields": {"action_time": "2020-04-22T04:41:24.824Z", "user": 1, "content_type": 9, "object_id": "13", "object_repr": "230.66 - Transportation - Other - Apple Card - 2020-04-19 20:28:26-07:00", "action_flag": 2, "change_message": "[{\"changed\": {\"fields\": [\"Amount\"]}}]"}}, {"model": "admin.logentry", "pk": 54, "fields": {"action_time": "2020-04-22T04:41:32.427Z", "user": 1, "content_type": 9, "object_id": "13", "object_repr": "-230.66 - Transportation - Other - Apple Card - 2020-04-19 20:28:26-07:00", "action_flag": 2, "change_message": "[{\"changed\": {\"fields\": [\"Amount\"]}}]"}}, {"model": "admin.logentry", "pk": 55, "fields": {"action_time": "2020-04-22T05:14:45.358Z", "user": 1, "content_type": 9, "object_id": "9", "object_repr": "123.0 - Rent - Amazon - Apple Card - 2020-04-19 20:27:55-07:00", "action_flag": 2, "change_message": "[{\"changed\": {\"fields\": [\"Amount\"]}}]"}}, {"model": "admin.logentry", "pk": 56, "fields": {"action_time": "2020-04-22T05:14:50.609Z", "user": 1, "content_type": 9, "object_id": "11", "object_repr": "124.0 - Uti - Other - Apple Card - 2020-04-19 20:28:10-07:00", "action_flag": 2, "change_message": "[{\"changed\": {\"fields\": [\"Amount\"]}}]"}}, {"model": "admin.logentry", "pk": 57, "fields": {"action_time": "2020-04-22T05:14:56.318Z", "user": 1, "content_type": 9, "object_id": "10", "object_repr": "-5666.0 - Toy - Other - Apple Card - 2020-04-19 20:28:02-07:00", "action_flag": 2, "change_message": "[{\"changed\": {\"fields\": [\"Amount\"]}}]"}}, {"model": "admin.logentry", "pk": 58, "fields": {"action_time": "2020-04-22T05:19:14.304Z", "user": 1, "content_type": 9, "object_id": "10", "object_repr": "-566.0 - Toy - Other - Apple Card - 2020-04-19 20:28:02-07:00", "action_flag": 2, "change_message": "[{\"changed\": {\"fields\": [\"Amount\"]}}]"}}, {"model": "admin.logentry", "pk": 59, "fields": {"action_time": "2020-04-23T03:50:04.686Z", "user": 1, "content_type": 9, "object_id": "13", "object_repr": "-230.66 - Transportation - Other - Apple Card - 2020-04-20 03:28:26+00:00", "action_flag": 3, "change_message": ""}}, {"model": "admin.logentry", "pk": 60, "fields": {"action_time": "2020-04-23T03:50:04.689Z", "user": 1, "content_type": 9, "object_id": "12", "object_repr": "888.0 - Food - Apple - Apple Card - 2020-04-20 03:28:19+00:00", "action_flag": 3, "change_message": ""}}, {"model": "admin.logentry", "pk": 61, "fields": {"action_time": "2020-04-23T03:50:04.691Z", "user": 1, "content_type": 9, "object_id": "11", "object_repr": "124.0 - Uti - Other - Apple Card - 2020-04-20 03:28:10+00:00", "action_flag": 3, "change_message": ""}}, {"model": "admin.logentry", "pk": 62, "fields": {"action_time": "2020-04-23T03:50:04.692Z", "user": 1, "content_type": 9, "object_id": "10", "object_repr": "-566.0 - Toy - Other - Apple Card - 2020-04-20 03:28:02+00:00", "action_flag": 3, "change_message": ""}}, {"model": "admin.logentry", "pk": 63, "fields": {"action_time": "2020-04-23T03:50:04.693Z", "user": 1, "content_type": 9, "object_id": "9", "object_repr": "123.0 - Rent - Amazon - Apple Card - 2020-04-20 03:27:55+00:00", "action_flag": 3, "change_message": ""}}, {"model": "admin.logentry", "pk": 64, "fields": {"action_time": "2020-04-23T03:50:04.694Z", "user": 1, "content_type": 9, "object_id": "8", "object_repr": "213.0 - Food - Apple - BOA - 2020-04-20 03:27:48+00:00", "action_flag": 3, "change_message": ""}}, {"model": "admin.logentry", "pk": 65, "fields": {"action_time": "2020-04-23T03:50:04.696Z", "user": 1, "content_type": 9, "object_id": "7", "object_repr": "1.0 - Food - Apple - BOA - 2020-04-20 03:27:40+00:00", "action_flag": 3, "change_message": ""}}, {"model": "admin.logentry", "pk": 66, "fields": {"action_time": "2020-04-23T03:50:04.697Z", "user": 1, "content_type": 9, "object_id": "6", "object_repr": "1.0 - Uti - Other - BOA - 2020-04-20 03:27:14+00:00", "action_flag": 3, "change_message": ""}}, {"model": "admin.logentry", "pk": 67, "fields": {"action_time": "2020-04-23T03:50:04.698Z", "user": 1, "content_type": 9, "object_id": "5", "object_repr": "-66.0 - Game - Valve - Apple Card - 2020-04-18 19:38:26+00:00", "action_flag": 3, "change_message": ""}}, {"model": "admin.logentry", "pk": 68, "fields": {"action_time": "2020-04-23T03:50:04.700Z", "user": 1, "content_type": 9, "object_id": "4", "object_repr": "-15.0 - Uti - Amazon - Discover - 2020-04-12 18:25:14.001865+00:00", "action_flag": 3, "change_message": ""}}, {"model": "admin.logentry", "pk": 69, "fields": {"action_time": "2020-04-23T03:50:04.701Z", "user": 1, "content_type": 9, "object_id": "3", "object_repr": "-120.0 - Uti - Amazon - BOA - 2020-04-05 21:22:35+00:00", "action_flag": 3, "change_message": ""}}, {"model": "admin.logentry", "pk": 70, "fields": {"action_time": "2020-04-23T03:50:04.702Z", "user": 1, "content_type": 9, "object_id": "2", "object_repr": "-20.0 - Food - Other - BOA - 2020-04-05 04:03:37+00:00", "action_flag": 3, "change_message": ""}}, {"model": "admin.logentry", "pk": 71, "fields": {"action_time": "2020-04-23T03:50:04.703Z", "user": 1, "content_type": 9, "object_id": "1", "object_repr": "7000.0 - Transportation - Amazon - BOA - 2020-04-05 04:03:23+00:00", "action_flag": 3, "change_message": ""}}, {"model": "admin.logentry", "pk": 72, "fields": {"action_time": "2020-04-23T03:50:15.405Z", "user": 1, "content_type": 6, "object_id": "22", "object_repr": "Apple Card", "action_flag": 3, "change_message": ""}}, {"model": "admin.logentry", "pk": 73, "fields": {"action_time": "2020-04-23T03:50:15.408Z", "user": 1, "content_type": 6, "object_id": "10", "object_repr": "Discover", "action_flag": 3, "change_message": ""}}, {"model": "admin.logentry", "pk": 74, "fields": {"action_time": "2020-04-23T03:50:15.409Z", "user": 1, "content_type": 6, "object_id": "9", "object_repr": "BOA", "action_flag": 3, "change_message": ""}}, {"model": "admin.logentry", "pk": 75, "fields": {"action_time": "2020-04-23T03:50:15.410Z", "user": 1, "content_type": 6, "object_id": "20", "object_repr": "Game", "action_flag": 3, "change_message": ""}}, {"model": "admin.logentry", "pk": 76, "fields": {"action_time": "2020-04-23T03:50:15.412Z", "user": 1, "content_type": 6, "object_id": "5", "object_repr": "Uti", "action_flag": 3, "change_message": ""}}, {"model": "admin.logentry", "pk": 77, "fields": {"action_time": "2020-04-23T03:50:15.413Z", "user": 1, "content_type": 6, "object_id": "4", "object_repr": "Transportation", "action_flag": 3, "change_message": ""}}, {"model": "admin.logentry", "pk": 78, "fields": {"action_time": "2020-04-23T03:50:15.414Z", "user": 1, "content_type": 6, "object_id": "3", "object_repr": "Rent", "action_flag": 3, "change_message": ""}}, {"model": "admin.logentry", "pk": 79, "fields": {"action_time": "2020-04-23T03:50:15.415Z", "user": 1, "content_type": 6, "object_id": "2", "object_repr": "Toy", "action_flag": 3, "change_message": ""}}, {"model": "admin.logentry", "pk": 80, "fields": {"action_time": "2020-04-23T03:50:15.417Z", "user": 1, "content_type": 6, "object_id": "1", "object_repr": "Food", "action_flag": 3, "change_message": ""}}, {"model": "admin.logentry", "pk": 81, "fields": {"action_time": "2020-04-23T03:50:15.418Z", "user": 1, "content_type": 6, "object_id": "21", "object_repr": "Valve", "action_flag": 3, "change_message": ""}}, {"model": "admin.logentry", "pk": 82, "fields": {"action_time": "2020-04-23T03:50:15.419Z", "user": 1, "content_type": 6, "object_id": "8", "object_repr": "Other", "action_flag": 3, "change_message": ""}}, {"model": "admin.logentry", "pk": 83, "fields": {"action_time": "2020-04-23T03:50:15.420Z", "user": 1, "content_type": 6, "object_id": "7", "object_repr": "Amazon", "action_flag": 3, "change_message": ""}}, {"model": "admin.logentry", "pk": 84, "fields": {"action_time": "2020-04-23T03:50:15.421Z", "user": 1, "content_type": 6, "object_id": "6", "object_repr": "Apple", "action_flag": 3, "change_message": ""}}, {"model": "admin.logentry", "pk": 85, "fields": {"action_time": "2020-04-23T03:50:33.292Z", "user": 1, "content_type": 11, "object_id": "11", "object_repr": "Test icon updated", "action_flag": 3, "change_message": ""}}, {"model": "admin.logentry", "pk": 86, "fields": {"action_time": "2020-04-23T03:50:33.294Z", "user": 1, "content_type": 11, "object_id": "4", "object_repr": "apple food", "action_flag": 3, "change_message": ""}}, {"model": "admin.logentry", "pk": 87, "fields": {"action_time": "2020-04-23T03:50:33.295Z", "user": 1, "content_type": 11, "object_id": "3", "object_repr": "apple company", "action_flag": 3, "change_message": ""}}, {"model": "admin.logentry", "pk": 88, "fields": {"action_time": "2020-04-23T03:50:33.296Z", "user": 1, "content_type": 11, "object_id": "2", "object_repr": "house", "action_flag": 3, "change_message": ""}}, {"model": "admin.logentry", "pk": 89, "fields": {"action_time": "2020-04-23T03:50:33.298Z", "user": 1, "content_type": 11, "object_id": "1", "object_repr": "car", "action_flag": 3, "change_message": ""}}, {"model": "admin.logentry", "pk": 90, "fields": {"action_time": "2020-04-23T03:50:47.346Z", "user": 1, "content_type": 8, "object_id": "1", "object_repr": "Recurring M = 2100.0 - None", "action_flag": 3, "change_message": ""}}, {"model": "admin.logentry", "pk": 91, "fields": {"action_time": "2020-04-23T03:50:47.348Z", "user": 1, "content_type": 8, "object_id": "2", "object_repr": "Recurring M = 5.0 - None", "action_flag": 3, "change_message": ""}}, {"model": "admin.logentry", "pk": 92, "fields": {"action_time": "2020-04-23T03:50:47.350Z", "user": 1, "content_type": 8, "object_id": "3", "object_repr": "Recurring Y = -15.0 - None", "action_flag": 3, "change_message": ""}}, {"model": "admin.logentry", "pk": 93, "fields": {"action_time": "2020-04-23T03:51:23.016Z", "user": 1, "content_type": 6, "object_id": "23", "object_repr": "\u5de5\u8d44", "action_flag": 1, "change_message": "[{\"added\": {}}]"}}, {"model": "admin.logentry", "pk": 94, "fields": {"action_time": "2020-04-23T03:51:33.553Z", "user": 1, "content_type": 6, "object_id": "24", "object_repr": "\u4ea4\u901a", "action_flag": 1, "change_message": "[{\"added\": {}}]"}}, {"model": "admin.logentry", "pk": 95, "fields": {"action_time": "2020-04-23T03:51:39.824Z", "user": 1, "content_type": 6, "object_id": "25", "object_repr": "\u4e00\u822c", "action_flag": 1, "change_message": "[{\"added\": {}}]"}}, {"model": "admin.logentry", "pk": 96, "fields": {"action_time": "2020-04-23T03:51:46.584Z", "user": 1, "content_type": 6, "object_id": "26", "object_repr": "\u4f4f\u623f", "action_flag": 1, "change_message": "[{\"added\": {}}]"}}, {"model": "admin.logentry", "pk": 97, "fields": {"action_time": "2020-04-23T03:51:59.326Z", "user": 1, "content_type": 6, "object_id": "27", "object_repr": "\u65e5\u7528\u54c1", "action_flag": 1, "change_message": "[{\"added\": {}}]"}}, {"model": "admin.logentry", "pk": 98, "fields": {"action_time": "2020-04-23T03:52:10.667Z", "user": 1, "content_type": 6, "object_id": "28", "object_repr": "\u98df\u6750", "action_flag": 1, "change_message": "[{\"added\": {}}]"}}, {"model": "admin.logentry", "pk": 99, "fields": {"action_time": "2020-04-23T03:52:21.552Z", "user": 1, "content_type": 6, "object_id": "29", "object_repr": "\u6570\u7801", "action_flag": 1, "change_message": "[{\"added\": {}}]"}}, {"model": "admin.logentry", "pk": 100, "fields": {"action_time": "2020-04-23T03:52:27.406Z", "user": 1, "content_type": 6, "object_id": "30", "object_repr": "\u65c5\u6e38", "action_flag": 1, "change_message": "[{\"added\": {}}]"}}, {"model": "admin.logentry", "pk": 101, "fields": {"action_time": "2020-04-23T03:52:32.264Z", "user": 1, "content_type": 6, "object_id": "31", "object_repr": "\u6e38\u620f", "action_flag": 1, "change_message": "[{\"added\": {}}]"}}, {"model": "admin.logentry", "pk": 102, "fields": {"action_time": "2020-04-23T03:52:37.698Z", "user": 1, "content_type": 6, "object_id": "32", "object_repr": "\u670d\u9970", "action_flag": 1, "change_message": "[{\"added\": {}}]"}}, {"model": "admin.logentry", "pk": 103, "fields": {"action_time": "2020-04-23T03:52:43.425Z", "user": 1, "content_type": 6, "object_id": "33", "object_repr": "\u7528\u9910", "action_flag": 1, "change_message": "[{\"added\": {}}]"}}, {"model": "admin.logentry", "pk": 104, "fields": {"action_time": "2020-04-23T03:52:48.773Z", "user": 1, "content_type": 6, "object_id": "34", "object_repr": "\u5a31\u4e50", "action_flag": 1, "change_message": "[{\"added\": {}}]"}}, {"model": "admin.logentry", "pk": 105, "fields": {"action_time": "2020-04-23T03:53:48.549Z", "user": 1, "content_type": 6, "object_id": "35", "object_repr": "BOA", "action_flag": 1, "change_message": "[{\"added\": {}}]"}}, {"model": "admin.logentry", "pk": 106, "fields": {"action_time": "2020-04-23T03:54:06.425Z", "user": 1, "content_type": 6, "object_id": "36", "object_repr": "Discover", "action_flag": 1, "change_message": "[{\"added\": {}}]"}}, {"model": "admin.logentry", "pk": 107, "fields": {"action_time": "2020-04-23T03:54:10.898Z", "user": 1, "content_type": 6, "object_id": "37", "object_repr": "Apple Card", "action_flag": 1, "change_message": "[{\"added\": {}}]"}}, {"model": "admin.logentry", "pk": 108, "fields": {"action_time": "2020-04-23T03:54:20.455Z", "user": 1, "content_type": 6, "object_id": "38", "object_repr": "Apple", "action_flag": 1, "change_message": "[{\"added\": {}}]"}}, {"model": "admin.logentry", "pk": 109, "fields": {"action_time": "2020-04-23T03:54:24.089Z", "user": 1, "content_type": 6, "object_id": "39", "object_repr": "Amazon", "action_flag": 1, "change_message": "[{\"added\": {}}]"}}, {"model": "admin.logentry", "pk": 110, "fields": {"action_time": "2020-04-23T03:54:33.426Z", "user": 1, "content_type": 6, "object_id": "40", "object_repr": "Other", "action_flag": 1, "change_message": "[{\"added\": {}}]"}}, {"model": "admin.logentry", "pk": 111, "fields": {"action_time": "2020-04-23T05:02:33.489Z", "user": 1, "content_type": 9, "object_id": "14", "object_repr": "1.0 - None - None - None - 2020-04-22 22:02:29-07:00", "action_flag": 1, "change_message": "[{\"added\": {}}]"}}, {"model": "admin.logentry", "pk": 112, "fields": {"action_time": "2020-04-23T05:02:39.403Z", "user": 1, "content_type": 9, "object_id": "14", "object_repr": "1.0 - None - None - None - 2020-04-23 05:02:29+00:00", "action_flag": 3, "change_message": ""}}, {"model": "admin.logentry", "pk": 113, "fields": {"action_time": "2020-04-23T05:08:28.111Z", "user": 1, "content_type": 9, "object_id": "111", "object_repr": "7000.0 - \u4e00\u822c - Amazon - BOA - 2020-02-24 16:43:58-08:00", "action_flag": 2, "change_message": "[{\"changed\": {\"fields\": [\"Company\", \"Note\"]}}]"}}, {"model": "admin.logentry", "pk": 114, "fields": {"action_time": "2020-04-23T05:08:37.225Z", "user": 1, "content_type": 9, "object_id": "111", "object_repr": "7000.0 - \u5de5\u8d44 - Amazon - BOA - 2020-02-24 16:43:58-08:00", "action_flag": 2, "change_message": "[{\"changed\": {\"fields\": [\"Category\"]}}]"}}, {"model": "admin.logentry", "pk": 115, "fields": {"action_time": "2020-04-23T05:12:33.027Z", "user": 1, "content_type": 6, "object_id": "41", "object_repr": "EVE", "action_flag": 1, "change_message": "[{\"added\": {}}]"}}, {"model": "admin.logentry", "pk": 116, "fields": {"action_time": "2020-04-23T05:12:43.579Z", "user": 1, "content_type": 9, "object_id": "28", "object_repr": "-131.4 - \u6e38\u620f - EVE - BOA - 2020-04-05 13:34:17-07:00", "action_flag": 2, "change_message": "[{\"changed\": {\"fields\": [\"Category\", \"Company\", \"Note\"]}}]"}}, {"model": "admin.logentry", "pk": 117, "fields": {"action_time": "2020-04-23T05:13:09.424Z", "user": 1, "content_type": 6, "object_id": "42", "object_repr": "Credit Card", "action_flag": 1, "change_message": "[{\"added\": {}}]"}}, {"model": "admin.logentry", "pk": 118, "fields": {"action_time": "2020-04-23T05:13:13.221Z", "user": 1, "content_type": 9, "object_id": "36", "object_repr": "-490.0 - Credit Card - Apple - BOA - 2020-03-30 22:53:29-07:00", "action_flag": 2, "change_message": "[{\"changed\": {\"fields\": [\"Category\", \"Company\", \"Note\"]}}]"}}, {"model": "admin.logentry", "pk": 119, "fields": {"action_time": "2020-04-23T05:13:32.039Z", "user": 1, "content_type": 6, "object_id": "43", "object_repr": "Discover", "action_flag": 1, "change_message": "[{\"added\": {}}]"}}, {"model": "admin.logentry", "pk": 120, "fields": {"action_time": "2020-04-23T05:13:40.288Z", "user": 1, "content_type": 9, "object_id": "37", "object_repr": "-3685.0 - Credit Card - Discover - BOA - 2020-03-30 22:52:54-07:00", "action_flag": 2, "change_message": "[{\"changed\": {\"fields\": [\"Category\", \"Company\", \"Note\"]}}]"}}, {"model": "admin.logentry", "pk": 121, "fields": {"action_time": "2020-04-23T05:13:59.502Z", "user": 1, "content_type": 6, "object_id": "44", "object_repr": "skillshare", "action_flag": 1, "change_message": "[{\"added\": {}}]"}}, {"model": "admin.logentry", "pk": 122, "fields": {"action_time": "2020-04-23T05:14:07.237Z", "user": 1, "content_type": 9, "object_id": "53", "object_repr": "-16.5 - \u4e00\u822c - skillshare - BOA - 2020-03-17 19:39:41-07:00", "action_flag": 2, "change_message": "[{\"changed\": {\"fields\": [\"Company\", \"Note\"]}}]"}}, {"model": "admin.logentry", "pk": 123, "fields": {"action_time": "2020-04-23T05:14:32.013Z", "user": 1, "content_type": 9, "object_id": "96", "object_repr": "-336.0 - \u6570\u7801 - Amazon - BOA - 2020-02-28 14:52:53-08:00", "action_flag": 2, "change_message": "[{\"changed\": {\"fields\": [\"Category\", \"Company\", \"Note\"]}}]"}}, {"model": "admin.logentry", "pk": 124, "fields": {"action_time": "2020-04-23T05:14:42.640Z", "user": 1, "content_type": 9, "object_id": "106", "object_repr": "-156.32 - \u6570\u7801 - Amazon - BOA - 2020-02-26 12:04:14-08:00", "action_flag": 2, "change_message": "[{\"changed\": {\"fields\": [\"Category\", \"Company\"]}}]"}}, {"model": "admin.logentry", "pk": 125, "fields": {"action_time": "2020-04-23T05:14:58.180Z", "user": 1, "content_type": 6, "object_id": "45", "object_repr": "Target", "action_flag": 1, "change_message": "[{\"added\": {}}]"}}, {"model": "admin.logentry", "pk": 126, "fields": {"action_time": "2020-04-23T05:15:00.140Z", "user": 1, "content_type": 9, "object_id": "108", "object_repr": "-114.0 - \u65e5\u7528\u54c1 - Target - BOA - 2020-02-24 16:52:32-08:00", "action_flag": 2, "change_message": "[{\"changed\": {\"fields\": [\"Category\", \"Company\"]}}]"}}, {"model": "admin.logentry", "pk": 127, "fields": {"action_time": "2020-04-23T05:15:10.302Z", "user": 1, "content_type": 6, "object_id": "46", "object_repr": "walmart", "action_flag": 1, "change_message": "[{\"added\": {}}]"}}, {"model": "admin.logentry", "pk": 128, "fields": {"action_time": "2020-04-23T05:15:11.815Z", "user": 1, "content_type": 9, "object_id": "109", "object_repr": "-69.0 - \u65e5\u7528\u54c1 - walmart - BOA - 2020-02-24 16:50:40-08:00", "action_flag": 2, "change_message": "[{\"changed\": {\"fields\": [\"Category\", \"Company\"]}}]"}}, {"model": "admin.logentry", "pk": 129, "fields": {"action_time": "2020-04-23T05:15:21.831Z", "user": 1, "content_type": 6, "object_id": "47", "object_repr": "uber", "action_flag": 1, "change_message": "[{\"added\": {}}]"}}, {"model": "admin.logentry", "pk": 130, "fields": {"action_time": "2020-04-23T05:15:24.132Z", "user": 1, "content_type": 9, "object_id": "110", "object_repr": "-65.0 - \u4ea4\u901a - uber - BOA - 2020-02-24 16:45:58-08:00", "action_flag": 2, "change_message": "[{\"changed\": {\"fields\": [\"Category\", \"Company\"]}}]"}}, {"model": "admin.logentry", "pk": 131, "fields": {"action_time": "2020-04-23T05:15:40.574Z", "user": 1, "content_type": 9, "object_id": "112", "object_repr": "-40.0 - \u65e5\u7528\u54c1 - None - BOA - 2020-02-24 16:43:36-08:00", "action_flag": 2, "change_message": "[{\"changed\": {\"fields\": [\"Category\"]}}]"}}, {"model": "admin.logentry", "pk": 132, "fields": {"action_time": "2020-04-23T05:15:53.589Z", "user": 1, "content_type": 9, "object_id": "115", "object_repr": "-16.5 - \u98df\u6750 - None - BOA - 2020-02-24 16:41:13-08:00", "action_flag": 2, "change_message": "[{\"changed\": {\"fields\": [\"Category\"]}}]"}}, {"model": "admin.logentry", "pk": 133, "fields": {"action_time": "2020-04-23T05:16:22.633Z", "user": 1, "content_type": 6, "object_id": "48", "object_repr": "alaska airline", "action_flag": 1, "change_message": "[{\"added\": {}}]"}}, {"model": "admin.logentry", "pk": 134, "fields": {"action_time": "2020-04-23T05:16:34.190Z", "user": 1, "content_type": 9, "object_id": "116", "object_repr": "-418.0 - \u65c5\u6e38 - alaska airline - BOA - 2020-02-24 16:40:32-08:00", "action_flag": 2, "change_message": "[{\"changed\": {\"fields\": [\"Category\", \"Company\", \"Note\"]}}]"}}, {"model": "admin.logentry", "pk": 135, "fields": {"action_time": "2020-04-23T05:16:55.274Z", "user": 1, "content_type": 9, "object_id": "117", "object_repr": "-70.0 - \u65c5\u6e38 - alaska airline - BOA - 2020-02-24 16:40:14-08:00", "action_flag": 2, "change_message": "[{\"changed\": {\"fields\": [\"Category\", \"Company\"]}}]"}}, {"model": "admin.logentry", "pk": 136, "fields": {"action_time": "2020-04-23T05:17:08.334Z", "user": 1, "content_type": 9, "object_id": "118", "object_repr": "-1500.0 - \u4ea4\u901a - None - BOA - 2020-02-24 16:39:55-08:00", "action_flag": 2, "change_message": "[{\"changed\": {\"fields\": [\"Category\"]}}]"}}, {"model": "admin.logentry", "pk": 137, "fields": {"action_time": "2020-04-23T05:17:36.153Z", "user": 1, "content_type": 9, "object_id": "279", "object_repr": "-64.0 - \u6e38\u620f - Amazon - BOA - 2018-12-06 05:46:34-08:00", "action_flag": 2, "change_message": "[{\"changed\": {\"fields\": [\"Category\", \"Company\"]}}]"}}, {"model": "admin.logentry", "pk": 138, "fields": {"action_time": "2020-04-23T05:17:44.041Z", "user": 1, "content_type": 9, "object_id": "280", "object_repr": "-60.0 - \u6570\u7801 - Amazon - BOA - 2018-12-06 05:27:34-08:00", "action_flag": 2, "change_message": "[{\"changed\": {\"fields\": [\"Category\", \"Company\"]}}]"}}, {"model": "admin.logentry", "pk": 139, "fields": {"action_time": "2020-04-23T05:17:52.425Z", "user": 1, "content_type": 9, "object_id": "288", "object_repr": "-450.0 - \u6570\u7801 - Amazon - BOA - 2018-11-21 17:13:13-08:00", "action_flag": 2, "change_message": "[{\"changed\": {\"fields\": [\"Category\", \"Company\"]}}]"}}, {"model": "admin.logentry", "pk": 140, "fields": {"action_time": "2020-04-23T05:18:09.711Z", "user": 1, "content_type": 6, "object_id": "49", "object_repr": "mdl", "action_flag": 1, "change_message": "[{\"added\": {}}]"}}, {"model": "admin.logentry", "pk": 141, "fields": {"action_time": "2020-04-23T05:18:12.003Z", "user": 1, "content_type": 9, "object_id": "289", "object_repr": "-5.76 - \u7528\u9910 - mdl - BOA - 2018-11-21 17:11:19-08:00", "action_flag": 2, "change_message": "[{\"changed\": {\"fields\": [\"Category\", \"Company\"]}}]"}}, {"model": "admin.logentry", "pk": 142, "fields": {"action_time": "2020-04-23T05:18:19.121Z", "user": 1, "content_type": 9, "object_id": "290", "object_repr": "-15.0 - \u98df\u6750 - None - BOA - 2018-11-21 17:10:27-08:00", "action_flag": 2, "change_message": "[{\"changed\": {\"fields\": [\"Category\"]}}]"}}, {"model": "admin.logentry", "pk": 143, "fields": {"action_time": "2020-04-23T05:18:26.926Z", "user": 1, "content_type": 9, "object_id": "292", "object_repr": "-5.0 - \u6570\u7801 - Amazon - BOA - 2018-11-21 13:57:54-08:00", "action_flag": 2, "change_message": "[{\"changed\": {\"fields\": [\"Category\", \"Company\"]}}]"}}, {"model": "admin.logentry", "pk": 144, "fields": {"action_time": "2020-04-23T05:18:37.766Z", "user": 1, "content_type": 6, "object_id": "50", "object_repr": "valve", "action_flag": 1, "change_message": "[{\"added\": {}}]"}}, {"model": "admin.logentry", "pk": 145, "fields": {"action_time": "2020-04-23T05:18:39.763Z", "user": 1, "content_type": 9, "object_id": "293", "object_repr": "-11.0 - \u6570\u7801 - valve - BOA - 2018-11-21 06:56:04-08:00", "action_flag": 2, "change_message": "[{\"changed\": {\"fields\": [\"Category\", \"Company\"]}}]"}}, {"model": "admin.logentry", "pk": 146, "fields": {"action_time": "2020-04-23T05:18:45.086Z", "user": 1, "content_type": 9, "object_id": "294", "object_repr": "-10.0 - \u7528\u9910 - None - BOA - 2018-11-21 06:55:59-08:00", "action_flag": 2, "change_message": "[{\"changed\": {\"fields\": [\"Category\"]}}]"}}, {"model": "admin.logentry", "pk": 147, "fields": {"action_time": "2020-04-23T05:18:50.350Z", "user": 1, "content_type": 9, "object_id": "295", "object_repr": "-9.0 - \u7528\u9910 - None - BOA - 2018-11-20 12:28:24-08:00", "action_flag": 2, "change_message": "[{\"changed\": {\"fields\": [\"Category\"]}}]"}}, {"model": "admin.logentry", "pk": 148, "fields": {"action_time": "2020-04-23T05:18:57.588Z", "user": 1, "content_type": 9, "object_id": "296", "object_repr": "-16.5 - \u4f4f\u623f - None - BOA - 2018-11-19 12:35:15-08:00", "action_flag": 2, "change_message": "[{\"changed\": {\"fields\": [\"Category\"]}}]"}}, {"model": "admin.logentry", "pk": 149, "fields": {"action_time": "2020-04-23T05:19:04.173Z", "user": 1, "content_type": 9, "object_id": "297", "object_repr": "-28.0 - \u6570\u7801 - Amazon - BOA - 2018-11-19 12:22:58-08:00", "action_flag": 2, "change_message": "[{\"changed\": {\"fields\": [\"Category\", \"Company\"]}}]"}}, {"model": "admin.logentry", "pk": 150, "fields": {"action_time": "2020-04-23T05:19:10.134Z", "user": 1, "content_type": 9, "object_id": "298", "object_repr": "-213.0 - \u6570\u7801 - Amazon - BOA - 2018-11-19 07:06:17-08:00", "action_flag": 2, "change_message": "[{\"changed\": {\"fields\": [\"Category\", \"Company\"]}}]"}}, {"model": "admin.logentry", "pk": 151, "fields": {"action_time": "2020-04-23T05:19:17.028Z", "user": 1, "content_type": 9, "object_id": "299", "object_repr": "-37.0 - \u670d\u9970 - Amazon - BOA - 2018-11-18 15:18:48-08:00", "action_flag": 2, "change_message": "[{\"changed\": {\"fields\": [\"Category\", \"Company\"]}}]"}}, {"model": "admin.logentry", "pk": 152, "fields": {"action_time": "2020-04-23T05:19:26.389Z", "user": 1, "content_type": 9, "object_id": "300", "object_repr": "60.0 - \u6e38\u620f - None - BOA - 2018-11-18 15:16:11-08:00", "action_flag": 2, "change_message": "[{\"changed\": {\"fields\": [\"Category\"]}}]"}}, {"model": "admin.logentry", "pk": 153, "fields": {"action_time": "2020-04-23T05:19:42.067Z", "user": 1, "content_type": 9, "object_id": "303", "object_repr": "-44.0 - \u65c5\u6e38 - None - BOA - 2018-11-17 09:55:54-08:00", "action_flag": 2, "change_message": "[{\"changed\": {\"fields\": [\"Category\"]}}]"}}, {"model": "admin.logentry", "pk": 154, "fields": {"action_time": "2020-04-23T05:19:47.242Z", "user": 1, "content_type": 9, "object_id": "305", "object_repr": "-37.0 - \u65c5\u6e38 - None - BOA - 2018-11-17 08:36:45-08:00", "action_flag": 2, "change_message": "[{\"changed\": {\"fields\": [\"Category\"]}}]"}}, {"model": "admin.logentry", "pk": 155, "fields": {"action_time": "2020-04-23T05:19:52.634Z", "user": 1, "content_type": 9, "object_id": "313", "object_repr": "-300.0 - \u6570\u7801 - None - BOA - 2018-11-08 12:26:07-08:00", "action_flag": 2, "change_message": "[{\"changed\": {\"fields\": [\"Category\"]}}]"}}, {"model": "admin.logentry", "pk": 156, "fields": {"action_time": "2020-04-23T05:21:32.917Z", "user": 1, "content_type": 9, "object_id": "34", "object_repr": "-2200.0 - \u4f4f\u623f - None - BOA - 2020-03-30 23:00:55-07:00", "action_flag": 2, "change_message": "[{\"changed\": {\"fields\": [\"Category\"]}}]"}}, {"model": "admin.logentry", "pk": 157, "fields": {"action_time": "2020-04-23T05:21:37.947Z", "user": 1, "content_type": 9, "object_id": "35", "object_repr": "-1400.0 - \u4f4f\u623f - None - BOA - 2020-03-30 23:00:48-07:00", "action_flag": 2, "change_message": "[{\"changed\": {\"fields\": [\"Category\"]}}]"}}, {"model": "admin.logentry", "pk": 158, "fields": {"action_time": "2020-04-23T05:21:59.075Z", "user": 1, "content_type": 9, "object_id": "34", "object_repr": "-2200.0 - \u4f4f\u623f - None - BOA - 2020-03-30 23:00:55-07:00", "action_flag": 2, "change_message": "[{\"changed\": {\"fields\": [\"Note\"]}}]"}}, {"model": "admin.logentry", "pk": 159, "fields": {"action_time": "2020-04-23T05:22:04.414Z", "user": 1, "content_type": 9, "object_id": "35", "object_repr": "-1400.0 - \u4f4f\u623f - None - BOA - 2020-03-30 23:00:48-07:00", "action_flag": 2, "change_message": "[{\"changed\": {\"fields\": [\"Note\"]}}]"}}, {"model": "admin.logentry", "pk": 160, "fields": {"action_time": "2020-04-23T05:22:42.910Z", "user": 1, "content_type": 9, "object_id": "38", "object_repr": "27448.0 - \u5de5\u8d44 - Amazon - BOA - 2020-03-30 22:52:23-07:00", "action_flag": 2, "change_message": "[{\"changed\": {\"fields\": [\"Category\", \"Company\", \"Note\"]}}]"}}, {"model": "admin.logentry", "pk": 161, "fields": {"action_time": "2020-04-23T05:23:23.134Z", "user": 1, "content_type": 9, "object_id": "70", "object_repr": "-1099.0 - \u6570\u7801 - valve - BOA - 2020-03-09 12:17:49-07:00", "action_flag": 2, "change_message": "[{\"changed\": {\"fields\": [\"Category\", \"Company\", \"Note\"]}}]"}}, {"model": "admin.logentry", "pk": 162, "fields": {"action_time": "2020-04-23T05:24:12.209Z", "user": 1, "content_type": 9, "object_id": "95", "object_repr": "-2223.81 - \u4f4f\u623f - None - BOA - 2020-02-28 15:06:25-08:00", "action_flag": 2, "change_message": "[{\"changed\": {\"fields\": [\"Category\", \"Note\"]}}]"}}, {"model": "admin.logentry", "pk": 163, "fields": {"action_time": "2020-04-23T05:24:49.349Z", "user": 1, "content_type": 9, "object_id": "82", "object_repr": "1513.0 - \u4e00\u822c - None - BOA - 2020-03-04 20:22:33-08:00", "action_flag": 2, "change_message": "[{\"changed\": {\"fields\": [\"Note\"]}}]"}}, {"model": "admin.logentry", "pk": 164, "fields": {"action_time": "2020-04-23T05:24:53.521Z", "user": 1, "content_type": 9, "object_id": "81", "object_repr": "413.0 - \u4e00\u822c - None - BOA - 2020-03-04 20:22:44-08:00", "action_flag": 2, "change_message": "[{\"changed\": {\"fields\": [\"Note\"]}}]"}}, {"model": "admin.logentry", "pk": 165, "fields": {"action_time": "2020-04-24T05:44:04.586Z", "user": 1, "content_type": 9, "object_id": "351", "object_repr": "0.01 - \u4e00\u822c - None - BOA - 2020-04-23 22:43:49-07:00", "action_flag": 1, "change_message": "[{\"added\": {}}]"}}, {"model": "admin.logentry", "pk": 166, "fields": {"action_time": "2020-04-24T05:44:15.263Z", "user": 1, "content_type": 9, "object_id": "351", "object_repr": "-0.01 - \u4e00\u822c - None - BOA - 2020-04-23 22:43:49-07:00", "action_flag": 2, "change_message": "[{\"changed\": {\"fields\": [\"Amount\"]}}]"}}, {"model": "admin.logentry", "pk": 167, "fields": {"action_time": "2020-04-24T05:45:34.085Z", "user": 1, "content_type": 9, "object_id": "351", "object_repr": "-0.01 - \u4e00\u822c - None - BOA - 2020-04-24 05:43:49+00:00", "action_flag": 3, "change_message": ""}}, {"model": "admin.logentry", "pk": 168, "fields": {"action_time": "2020-04-24T17:43:29.698Z", "user": 1, "content_type": 6, "object_id": "51", "object_repr": "\u901a\u4fe1", "action_flag": 1, "change_message": "[{\"added\": {}}]"}}, {"model": "admin.logentry", "pk": 169, "fields": {"action_time": "2020-04-24T17:43:38.583Z", "user": 1, "content_type": 6, "object_id": "52", "object_repr": "ATT", "action_flag": 1, "change_message": "[{\"added\": {}}]"}}, {"model": "admin.logentry", "pk": 170, "fields": {"action_time": "2020-04-24T17:43:55.949Z", "user": 1, "content_type": 8, "object_id": "4", "object_repr": "Recurring M = -40.0 - \u901a\u4fe1", "action_flag": 1, "change_message": "[{\"added\": {}}]"}}, {"model": "admin.logentry", "pk": 171, "fields": {"action_time": "2020-04-24T17:45:04.656Z", "user": 1, "content_type": 8, "object_id": "5", "object_repr": "Recurring M = -4.99 - \u901a\u4fe1", "action_flag": 1, "change_message": "[{\"added\": {}}]"}}, {"model": "admin.logentry", "pk": 172, "fields": {"action_time": "2020-04-24T17:45:30.182Z", "user": 1, "content_type": 8, "object_id": "6", "object_repr": "Recurring M = -0.99 - \u901a\u4fe1", "action_flag": 1, "change_message": "[{\"added\": {}}]"}}, {"model": "admin.logentry", "pk": 173, "fields": {"action_time": "2020-04-24T17:46:08.981Z", "user": 1, "content_type": 8, "object_id": "4", "object_repr": "Recurring M = -43.0 - \u901a\u4fe1", "action_flag": 2, "change_message": "[{\"changed\": {\"fields\": [\"Amount\"]}}]"}}, {"model": "admin.logentry", "pk": 174, "fields": {"action_time": "2020-04-24T17:48:43.787Z", "user": 1, "content_type": 6, "object_id": "53", "object_repr": "rental", "action_flag": 1, "change_message": "[{\"added\": {}}]"}}, {"model": "admin.logentry", "pk": 175, "fields": {"action_time": "2020-04-24T17:48:53.409Z", "user": 1, "content_type": 8, "object_id": "7", "object_repr": "Recurring M = -2170.0 - \u4f4f\u623f", "action_flag": 1, "change_message": "[{\"added\": {}}]"}}, {"model": "admin.logentry", "pk": 176, "fields": {"action_time": "2020-04-24T17:49:25.938Z", "user": 1, "content_type": 8, "object_id": "8", "object_repr": "Recurring M = 1400.0 - \u4f4f\u623f", "action_flag": 1, "change_message": "[{\"added\": {}}]"}}, {"model": "admin.logentry", "pk": 177, "fields": {"action_time": "2020-04-24T17:52:39.252Z", "user": 1, "content_type": 6, "object_id": "54", "object_repr": "CenturyLink", "action_flag": 1, "change_message": "[{\"added\": {}}]"}}, {"model": "admin.logentry", "pk": 178, "fields": {"action_time": "2020-04-24T17:52:53.604Z", "user": 1, "content_type": 8, "object_id": "9", "object_repr": "Recurring M = -33.0 - \u901a\u4fe1", "action_flag": 1, "change_message": "[{\"added\": {}}]"}}, {"model": "admin.logentry", "pk": 179, "fields": {"action_time": "2020-04-24T17:53:20.865Z", "user": 1, "content_type": 6, "object_id": "55", "object_repr": "RCN", "action_flag": 1, "change_message": "[{\"added\": {}}]"}}, {"model": "admin.logentry", "pk": 180, "fields": {"action_time": "2020-04-24T17:53:28.615Z", "user": 1, "content_type": 6, "object_id": "55", "object_repr": "RCN", "action_flag": 3, "change_message": ""}}, {"model": "admin.logentry", "pk": 181, "fields": {"action_time": "2020-04-24T17:53:37.808Z", "user": 1, "content_type": 6, "object_id": "56", "object_repr": "RCN", "action_flag": 1, "change_message": "[{\"added\": {}}]"}}, {"model": "admin.logentry", "pk": 182, "fields": {"action_time": "2020-04-24T17:53:46.052Z", "user": 1, "content_type": 8, "object_id": "10", "object_repr": "Recurring M = -60.0 - \u901a\u4fe1", "action_flag": 1, "change_message": "[{\"added\": {}}]"}}, {"model": "admin.logentry", "pk": 183, "fields": {"action_time": "2020-04-24T17:53:58.214Z", "user": 1, "content_type": 8, "object_id": "8", "object_repr": "Recurring M = -1400.0 - \u4f4f\u623f", "action_flag": 2, "change_message": "[{\"changed\": {\"fields\": [\"Amount\"]}}]"}}, {"model": "admin.logentry", "pk": 184, "fields": {"action_time": "2020-04-24T17:54:27.634Z", "user": 1, "content_type": 8, "object_id": "10", "object_repr": "Recurring M = -62.0 - \u901a\u4fe1", "action_flag": 2, "change_message": "[{\"changed\": {\"fields\": [\"Amount\"]}}]"}}, {"model": "admin.logentry", "pk": 185, "fields": {"action_time": "2020-04-24T17:57:30.469Z", "user": 1, "content_type": 6, "object_id": "57", "object_repr": "vultr", "action_flag": 1, "change_message": "[{\"added\": {}}]"}}, {"model": "admin.logentry", "pk": 186, "fields": {"action_time": "2020-04-24T17:57:37.668Z", "user": 1, "content_type": 8, "object_id": "11", "object_repr": "Recurring M = -4.0 - \u901a\u4fe1", "action_flag": 1, "change_message": "[{\"added\": {}}]"}}, {"model": "admin.logentry", "pk": 187, "fields": {"action_time": "2020-04-24T17:59:28.734Z", "user": 1, "content_type": 6, "object_id": "58", "object_repr": "Adobe", "action_flag": 1, "change_message": "[{\"added\": {}}]"}}, {"model": "admin.logentry", "pk": 188, "fields": {"action_time": "2020-04-24T17:59:47.327Z", "user": 1, "content_type": 8, "object_id": "12", "object_repr": "Recurring M = -19.99 - \u6e38\u620f", "action_flag": 1, "change_message": "[{\"added\": {}}]"}}, {"model": "admin.logentry", "pk": 189, "fields": {"action_time": "2020-04-24T18:01:00.413Z", "user": 1, "content_type": 6, "object_id": "59", "object_repr": "1Password", "action_flag": 1, "change_message": "[{\"added\": {}}]"}}, {"model": "admin.logentry", "pk": 190, "fields": {"action_time": "2020-04-24T18:01:10.592Z", "user": 1, "content_type": 8, "object_id": "13", "object_repr": "Recurring Y = -35.88 - \u901a\u4fe1", "action_flag": 1, "change_message": "[{\"added\": {}}]"}}, {"model": "admin.logentry", "pk": 191, "fields": {"action_time": "2020-04-24T18:03:05.138Z", "user": 1, "content_type": 7, "object_id": "1", "object_repr": "2500.0", "action_flag": 2, "change_message": "[{\"changed\": {\"fields\": [\"Budget\"]}}]"}}, {"model": "admin.logentry", "pk": 192, "fields": {"action_time": "2020-04-24T18:03:16.183Z", "user": 1, "content_type": 7, "object_id": "1", "object_repr": "2000.0", "action_flag": 2, "change_message": "[{\"changed\": {\"fields\": [\"Budget\"]}}]"}}, {"model": "admin.logentry", "pk": 193, "fields": {"action_time": "2020-04-24T18:06:50.795Z", "user": 1, "content_type": 6, "object_id": "60", "object_repr": "Google", "action_flag": 1, "change_message": "[{\"added\": {}}]"}}, {"model": "admin.logentry", "pk": 194, "fields": {"action_time": "2020-04-24T18:07:05.413Z", "user": 1, "content_type": 8, "object_id": "14", "object_repr": "Recurring Y = -22.0 - \u901a\u4fe1", "action_flag": 1, "change_message": "[{\"added\": {}}]"}}, {"model": "admin.logentry", "pk": 195, "fields": {"action_time": "2020-04-26T22:50:55.240Z", "user": 1, "content_type": 9, "object_id": "352", "object_repr": "-115.0 - \u4f4f\u623f - rental - BOA - 2020-04-25 15:50:24-07:00", "action_flag": 2, "change_message": "[{\"changed\": {\"fields\": [\"Time created\"]}}]"}}, {"model": "admin.logentry", "pk": 196, "fields": {"action_time": "2020-04-26T22:51:27.967Z", "user": 1, "content_type": 9, "object_id": "353", "object_repr": "-22.08 - \u7528\u9910 - Other - Apple Card - 2020-04-25 17:50:55-07:00", "action_flag": 1, "change_message": "[{\"added\": {}}]"}}, {"model": "admin.logentry", "pk": 197, "fields": {"action_time": "2020-04-26T22:51:50.892Z", "user": 1, "content_type": 9, "object_id": "354", "object_repr": "-0.65 - \u65e5\u7528\u54c1 - Other - BOA - 2020-04-26 15:51:28-07:00", "action_flag": 1, "change_message": "[{\"added\": {}}]"}}, {"model": "admin.logentry", "pk": 198, "fields": {"action_time": "2020-04-26T22:52:08.026Z", "user": 1, "content_type": 9, "object_id": "355", "object_repr": "-53.02 - \u65e5\u7528\u54c1 - Other - Apple Card - 2020-04-26 15:51:50-07:00", "action_flag": 1, "change_message": "[{\"added\": {}}]"}}, {"model": "admin.logentry", "pk": 199, "fields": {"action_time": "2020-04-26T22:52:20.846Z", "user": 1, "content_type": 9, "object_id": "356", "object_repr": "-13.0 - \u4ea4\u901a - Other - Discover - 2020-04-26 15:52:08-07:00", "action_flag": 1, "change_message": "[{\"added\": {}}]"}}, {"model": "admin.logentry", "pk": 200, "fields": {"action_time": "2020-04-28T16:54:39.362Z", "user": 1, "content_type": 9, "object_id": "357", "object_repr": "-66.0 - \u6e38\u620f - Amazon - BOA - 2020-04-27 09:54:10-07:00", "action_flag": 1, "change_message": "[{\"added\": {}}]"}}, {"model": "admin.logentry", "pk": 201, "fields": {"action_time": "2020-04-28T16:54:59.824Z", "user": 1, "content_type": 9, "object_id": "358", "object_repr": "-38.0 - \u670d\u9970 - Amazon - BOA - 2020-04-27 09:54:39-07:00", "action_flag": 1, "change_message": "[{\"added\": {}}]"}}, {"model": "admin.logentry", "pk": 202, "fields": {"action_time": "2020-04-28T16:55:14.475Z", "user": 1, "content_type": 9, "object_id": "359", "object_repr": "7142.75 - \u5de5\u8d44 - Amazon - BOA - 2020-04-28 09:54:59-07:00", "action_flag": 1, "change_message": "[{\"added\": {}}]"}}, {"model": "admin.logentry", "pk": 203, "fields": {"action_time": "2020-04-28T16:56:33.429Z", "user": 1, "content_type": 9, "object_id": "360", "object_repr": "-42.0 - \u901a\u4fe1 - ATT - BOA - 2020-04-26 09:56:19-07:00", "action_flag": 1, "change_message": "[{\"added\": {}}]"}}, {"model": "admin.logentry", "pk": 204, "fields": {"action_time": "2020-04-28T16:57:15.487Z", "user": 1, "content_type": 9, "object_id": "361", "object_repr": "-33.0 - \u901a\u4fe1 - CenturyLink - Discover - 2020-04-28 09:56:33-07:00", "action_flag": 1, "change_message": "[{\"added\": {}}]"}}, {"model": "admin.logentry", "pk": 205, "fields": {"action_time": "2020-04-28T17:02:09.281Z", "user": 1, "content_type": 9, "object_id": "362", "object_repr": "-115.0 - \u4f4f\u623f - Other - BOA - 2020-04-27 10:01:47-07:00", "action_flag": 1, "change_message": "[{\"added\": {}}]"}}, {"model": "admin.logentry", "pk": 206, "fields": {"action_time": "2020-04-28T17:02:47.130Z", "user": 1, "content_type": 9, "object_id": "363", "object_repr": "-10.0 - None - None - None - 2020-04-28 10:02:42-07:00", "action_flag": 1, "change_message": "[{\"added\": {}}]"}}, {"model": "admin.logentry", "pk": 207, "fields": {"action_time": "2020-04-28T17:02:59.273Z", "user": 1, "content_type": 9, "object_id": "363", "object_repr": "-10.0 - None - None - None - 2020-04-28 17:02:42+00:00", "action_flag": 3, "change_message": ""}}, {"model": "admin.logentry", "pk": 208, "fields": {"action_time": "2020-04-28T17:03:17.601Z", "user": 1, "content_type": 9, "object_id": "361", "object_repr": "-33.0 - \u901a\u4fe1 - CenturyLink - Discover - 2020-04-28 09:56:33-07:00", "action_flag": 2, "change_message": "[{\"changed\": {\"fields\": [\"Creator\"]}}]"}}, {"model": "admin.logentry", "pk": 209, "fields": {"action_time": "2020-04-28T17:03:43.354Z", "user": 1, "content_type": 8, "object_id": "9", "object_repr": "Recurring M = -33.0 - \u901a\u4fe1", "action_flag": 2, "change_message": "[{\"changed\": {\"fields\": [\"Note\"]}}]"}}, {"model": "admin.logentry", "pk": 210, "fields": {"action_time": "2020-04-28T17:05:08.101Z", "user": 1, "content_type": 9, "object_id": "93", "object_repr": "-22.01 - \u4e00\u822c - None - BOA - 2020-02-28 19:27:49-08:00", "action_flag": 2, "change_message": "[]"}}, {"model": "admin.logentry", "pk": 211, "fields": {"action_time": "2020-04-29T07:04:30.287Z", "user": 1, "content_type": 6, "object_id": "62", "object_repr": "DoorDash", "action_flag": 1, "change_message": "[{\"added\": {}}]"}}, {"model": "admin.logentry", "pk": 212, "fields": {"action_time": "2020-04-29T07:05:19.830Z", "user": 1, "content_type": 9, "object_id": "364", "object_repr": "-18.1 - \u7528\u9910 - None - Apple Card - 2020-04-28 12:04:07-07:00", "action_flag": 1, "change_message": "[{\"added\": {}}]"}}, {"model": "admin.logentry", "pk": 213, "fields": {"action_time": "2020-04-29T07:05:32.809Z", "user": 1, "content_type": 6, "object_id": "62", "object_repr": "DoorDash", "action_flag": 3, "change_message": ""}}, {"model": "admin.logentry", "pk": 214, "fields": {"action_time": "2020-04-29T07:05:46.815Z", "user": 1, "content_type": 6, "object_id": "63", "object_repr": "DoorDash", "action_flag": 1, "change_message": "[{\"added\": {}}]"}}, {"model": "admin.logentry", "pk": 215, "fields": {"action_time": "2020-04-29T07:05:48.231Z", "user": 1, "content_type": 9, "object_id": "364", "object_repr": "-18.1 - \u7528\u9910 - DoorDash - Apple Card - 2020-04-28 12:04:07-07:00", "action_flag": 2, "change_message": "[{\"changed\": {\"fields\": [\"Company\"]}}]"}}, {"model": "admin.logentry", "pk": 216, "fields": {"action_time": "2020-04-29T07:06:08.730Z", "user": 1, "content_type": 9, "object_id": "365", "object_repr": "-10.0 - \u7528\u9910 - Other - Apple Card - 2020-04-28 18:05:48-07:00", "action_flag": 1, "change_message": "[{\"added\": {}}]"}}, {"model": "admin.logentry", "pk": 217, "fields": {"action_time": "2020-04-29T07:06:49.799Z", "user": 1, "content_type": 9, "object_id": "366", "object_repr": "-36.32 - \u6e38\u620f - valve - Discover - 2020-04-28 20:06:08-07:00", "action_flag": 1, "change_message": "[{\"added\": {}}]"}}, {"model": "admin.logentry", "pk": 218, "fields": {"action_time": "2020-05-01T05:06:44.532Z", "user": 1, "content_type": 8, "object_id": "7", "object_repr": "Recurring M = -2170.0 - CAT - \u4f4f\u623f", "action_flag": 2, "change_message": "[{\"changed\": {\"fields\": [\"Skip summary\"]}}]"}}, {"model": "admin.logentry", "pk": 219, "fields": {"action_time": "2020-05-01T05:06:49.961Z", "user": 1, "content_type": 8, "object_id": "8", "object_repr": "Recurring M = -1400.0 - CAT - \u4f4f\u623f", "action_flag": 2, "change_message": "[{\"changed\": {\"fields\": [\"Skip summary\"]}}]"}}, {"model": "admin.logentry", "pk": 220, "fields": {"action_time": "2020-05-01T16:53:24.116Z", "user": 1, "content_type": 9, "object_id": "367", "object_repr": "31.79 - CAT - \u7528\u9910 - COM - DoorDash - CAR - BOA - 2020-04-29 09:52:50-07:00", "action_flag": 1, "change_message": "[{\"added\": {}}]"}}, {"model": "admin.logentry", "pk": 221, "fields": {"action_time": "2020-05-01T16:53:30.847Z", "user": 1, "content_type": 9, "object_id": "367", "object_repr": "-31.79 - CAT - \u7528\u9910 - COM - DoorDash - CAR - BOA - 2020-04-29 09:52:50-07:00", "action_flag": 2, "change_message": "[{\"changed\": {\"fields\": [\"Amount\"]}}]"}}, {"model": "admin.logentry", "pk": 222, "fields": {"action_time": "2020-05-01T16:53:54.351Z", "user": 1, "content_type": 9, "object_id": "368", "object_repr": "18.82 - CAT - \u7528\u9910 - COM - DoorDash - CAR - BOA - 2020-04-30 09:53:30-07:00", "action_flag": 1, "change_message": "[{\"added\": {}}]"}}, {"model": "admin.logentry", "pk": 223, "fields": {"action_time": "2020-05-01T16:54:03.755Z", "user": 1, "content_type": 9, "object_id": "368", "object_repr": "-18.82 - CAT - \u7528\u9910 - COM - DoorDash - CAR - BOA - 2020-04-30 09:53:30-07:00", "action_flag": 2, "change_message": "[{\"changed\": {\"fields\": [\"Amount\"]}}]"}}, {"model": "admin.logentry", "pk": 224, "fields": {"action_time": "2020-05-01T16:54:26.271Z", "user": 1, "content_type": 9, "object_id": "369", "object_repr": "-2170.0 - CAT - \u4f4f\u623f - COM - rental - CAR - BOA - 2020-05-01 09:54:06-07:00", "action_flag": 1, "change_message": "[{\"added\": {}}]"}}, {"model": "admin.logentry", "pk": 225, "fields": {"action_time": "2020-05-01T16:54:50.408Z", "user": 1, "content_type": 9, "object_id": "370", "object_repr": "-65.0 - CAT - \u4f4f\u623f - COM - rental - CAR - BOA - 2020-05-01 09:54:26-07:00", "action_flag": 1, "change_message": "[{\"added\": {}}]"}}, {"model": "admin.logentry", "pk": 226, "fields": {"action_time": "2020-05-01T16:54:54.153Z", "user": 1, "content_type": 9, "object_id": "369", "object_repr": "-2170.0 - CAT - \u4f4f\u623f - COM - rental - CAR - BOA - 2020-05-01 09:54:06-07:00", "action_flag": 2, "change_message": "[{\"changed\": {\"fields\": [\"Skip summary\"]}}]"}}, {"model": "admin.logentry", "pk": 227, "fields": {"action_time": "2020-05-01T16:56:28Z", "user": 1, "content_type": 9, "object_id": "370", "object_repr": "-65.0 - CAT - \u4f4f\u623f - COM - rental - CAR - BOA - 2020-05-01 09:54:26-07:00", "action_flag": 2, "change_message": "[{\"changed\": {\"fields\": [\"Skip summary\"]}}]"}}, {"model": "admin.logentry", "pk": 228, "fields": {"action_time": "2020-05-01T17:00:34.790Z", "user": 1, "content_type": 9, "object_id": "371", "object_repr": "-1400.0 - CAT - \u4f4f\u623f - COM - rental - CAR - BOA - 2020-05-01 10:00:19-07:00", "action_flag": 1, "change_message": "[{\"added\": {}}]"}}, {"model": "admin.logentry", "pk": 229, "fields": {"action_time": "2020-05-02T00:50:57.745Z", "user": 1, "content_type": 9, "object_id": "372", "object_repr": "-38.0 - CAT - \u670d\u9970 - COM - Other - CAR - BOA - 2020-05-01 17:50:22-07:00", "action_flag": 1, "change_message": "[{\"added\": {}}]"}}]